2025-08-11 07:53:58,025 [INFO] Activator:176 - 


2025-08-11 07:53:58,033 [INFO] Activator:177 - !SESSION log4j initialized
2025-08-11 07:54:04,906 [INFO] LogOutputStream:77 - [STDOUT_REDIRECT] 
2025-08-11 07:54:07,419 [INFO] ApplicationProperties:184 - Using Application install path: C:\ST\STM32CubeIDE_1.19.0\STM32CubeIDE\plugins\com.st.stm32cube.common.mx_6.15.0.202507011659
2025-08-11 07:54:07,441 [INFO] DbMcusXml:78 - Set database path to: C:\ST\STM32CubeIDE_1.19.0\STM32CubeIDE\plugins\com.st.stm32cube.common.mx_6.15.0.202507011659\\db\/mcu/
2025-08-11 07:54:07,441 [INFO] ApiDb:274 - Set plugin database path to: C:\ST\STM32CubeIDE_1.19.0\STM32CubeIDE\plugins\com.st.stm32cube.common.mx_6.15.0.202507011659\\db\/plugins/boardmanager/
2025-08-11 07:54:07,442 [WARN] ApiDb:259 - Overriding images path with different value:  => C:\ST\STM32CubeIDE_1.19.0\STM32CubeIDE\plugins\com.st.stm32cube.common.mx_6.15.0.202507011659\\db\/plugins/mcufinder/images/
2025-08-11 07:54:07,450 [INFO] ApiDb:250 - Set database path to: C:\Users\sf94983\.stmcufinder\plugins\mcufinder//mcu/
2025-08-11 07:54:07,452 [INFO] DbMcusAds:125 - Set database path to: C:\Users\sf94983\.stmcufinder\plugins\mcufinder//mcu/
2025-08-11 07:54:07,454 [INFO] CrossReferenceDbSqlite:203 - Set database path to: C:\Users\sf94983\.stmcufinder\plugins\mcufinder//mcu/cs/
2025-08-11 07:54:07,611 [INFO] RulesReader:64 - Compatibility file has been processed (317 Rules)
2025-08-11 07:54:07,802 [INFO] DbMcusXml:78 - Set database path to: C:\ST\STM32CubeIDE_1.19.0\STM32CubeIDE\plugins\com.st.stm32cube.common.mx_6.15.0.202507011659\\db\/mcu/
2025-08-11 07:54:07,802 [INFO] ApiDb:274 - Set plugin database path to: C:\ST\STM32CubeIDE_1.19.0\STM32CubeIDE\plugins\com.st.stm32cube.common.mx_6.15.0.202507011659\\db\/plugins/boardmanager/
2025-08-11 07:54:07,802 [INFO] ApiDb:261 - Set plugin images path to: C:\ST\STM32CubeIDE_1.19.0\STM32CubeIDE\plugins\com.st.stm32cube.common.mx_6.15.0.202507011659\\db\/plugins/mcufinder/images/
2025-08-11 07:54:07,803 [WARN] DbFile:41 - Overriding database path with different value: C:\Users\sf94983\.stmcufinder\plugins\mcufinder/ => C:\Users\sf94983\.stmcufinder\plugins\mcufinder
2025-08-11 07:54:07,803 [INFO] ApiDb:250 - Set database path to: C:\Users\sf94983\.stmcufinder\plugins\mcufinder//mcu/
2025-08-11 07:54:07,803 [WARN] DbFile:41 - Overriding database path with different value: C:\Users\sf94983\.stmcufinder\plugins\mcufinder/ => C:\Users\sf94983\.stmcufinder\plugins\mcufinder
2025-08-11 07:54:07,803 [INFO] DbMcusAds:125 - Set database path to: C:\Users\sf94983\.stmcufinder\plugins\mcufinder//mcu/
2025-08-11 07:54:07,803 [WARN] DbFile:41 - Overriding database path with different value: C:\Users\sf94983\.stmcufinder\plugins\mcufinder/ => C:\Users\sf94983\.stmcufinder\plugins\mcufinder
2025-08-11 07:54:07,803 [WARN] DbFile:41 - Overriding database path with different value: C:\Users\sf94983\.stmcufinder\plugins\mcufinder/ => C:\Users\sf94983\.stmcufinder\plugins\mcufinder
2025-08-11 07:54:07,803 [INFO] CrossReferenceDbSqlite:203 - Set database path to: C:\Users\sf94983\.stmcufinder\plugins\mcufinder//mcu/cs/
2025-08-11 07:54:07,964 [INFO] MainPanel:274 - HeapMemory: 268435456
2025-08-11 07:54:08,148 [INFO] DbMcusXml:78 - Set database path to: C:\ST\STM32CubeIDE_1.19.0\STM32CubeIDE\plugins\com.st.stm32cube.common.mx_6.15.0.202507011659\\db\/mcu/
2025-08-11 07:54:08,148 [INFO] ApiDb:274 - Set plugin database path to: C:\ST\STM32CubeIDE_1.19.0\STM32CubeIDE\plugins\com.st.stm32cube.common.mx_6.15.0.202507011659\\db\/plugins/boardmanager/
2025-08-11 07:54:08,148 [INFO] ApiDb:261 - Set plugin images path to: C:\ST\STM32CubeIDE_1.19.0\STM32CubeIDE\plugins\com.st.stm32cube.common.mx_6.15.0.202507011659\\db\/plugins/mcufinder/images/
2025-08-11 07:54:08,149 [WARN] DbFile:41 - Overriding database path with different value: C:\Users\sf94983\.stmcufinder\plugins\mcufinder/ => C:\Users\sf94983\.stmcufinder\plugins\mcufinder
2025-08-11 07:54:08,149 [INFO] ApiDb:250 - Set database path to: C:\Users\sf94983\.stmcufinder\plugins\mcufinder//mcu/
2025-08-11 07:54:08,149 [WARN] DbFile:41 - Overriding database path with different value: C:\Users\sf94983\.stmcufinder\plugins\mcufinder/ => C:\Users\sf94983\.stmcufinder\plugins\mcufinder
2025-08-11 07:54:08,149 [INFO] DbMcusAds:125 - Set database path to: C:\Users\sf94983\.stmcufinder\plugins\mcufinder//mcu/
2025-08-11 07:54:08,149 [WARN] DbFile:41 - Overriding database path with different value: C:\Users\sf94983\.stmcufinder\plugins\mcufinder/ => C:\Users\sf94983\.stmcufinder\plugins\mcufinder
2025-08-11 07:54:08,149 [WARN] DbFile:41 - Overriding database path with different value: C:\Users\sf94983\.stmcufinder\plugins\mcufinder/ => C:\Users\sf94983\.stmcufinder\plugins\mcufinder
2025-08-11 07:54:08,150 [INFO] CrossReferenceDbSqlite:203 - Set database path to: C:\Users\sf94983\.stmcufinder\plugins\mcufinder//mcu/cs/
2025-08-11 07:54:08,176 [INFO] ApplicationProperties:184 - Using Application install path: C:\ST\STM32CubeIDE_1.19.0\STM32CubeIDE\plugins\com.st.stm32cube.common.mx_6.15.0.202507011659
2025-08-11 07:54:08,178 [INFO] PluginManage:196 - Search for loadable plugins [exclusion list=, ]
2025-08-11 07:54:08,180 [INFO] PluginManage:310 - Check plugin analytics
2025-08-11 07:54:08,476 [INFO] AnalyticsPlugin:253 - Accepted Software Licenses: 
2025-08-11 07:54:08,477 [INFO] AnalyticsPlugin:255 - Accepted CMSIS Pack Licenses: 
2025-08-11 07:54:08,478 [INFO] AnalyticsPlugin:257 - Accepted Firmware Licenses: 
2025-08-11 07:54:08,481 [INFO] PluginManage:359 - Loaded plugin analytics (category:tool,tabindex:-1)
2025-08-11 07:54:08,482 [INFO] PluginManage:310 - Check plugin cadmodel
2025-08-11 07:54:08,513 [INFO] CADModel:105 - Init CAD model plugin
2025-08-11 07:54:08,514 [INFO] PluginManage:359 - Loaded plugin cadmodel (category:power,tabindex:5)
2025-08-11 07:54:08,514 [INFO] PluginManage:310 - Check plugin clock
2025-08-11 07:54:08,555 [INFO] PluginManage:359 - Loaded plugin clock (category:base,tabindex:2)
2025-08-11 07:54:08,555 [INFO] PluginManage:310 - Check plugin ddr
2025-08-11 07:54:08,558 [INFO] PluginManage:359 - Loaded plugin ddr (category:tool,tabindex:6)
2025-08-11 07:54:08,558 [INFO] PluginManage:310 - Check plugin filemanager
2025-08-11 07:54:08,737 [INFO] PluginManage:359 - Loaded plugin filemanager (category:base,tabindex:10)
2025-08-11 07:54:08,738 [INFO] PluginManage:310 - Check plugin ipmanager
2025-08-11 07:54:08,748 [INFO] PluginManage:359 - Loaded plugin ipmanager (category:base,tabindex:5)
2025-08-11 07:54:08,748 [INFO] PluginManage:310 - Check plugin lpbam
2025-08-11 07:54:08,778 [INFO] PluginManage:359 - Loaded plugin lpbam (category:base,tabindex:0)
2025-08-11 07:54:08,778 [INFO] PluginManage:310 - Check plugin memorymap
2025-08-11 07:54:08,812 [INFO] PluginManage:359 - Loaded plugin memorymap (category:base,tabindex:4)
2025-08-11 07:54:08,812 [INFO] PluginManage:310 - Check plugin pinoutandconfiguration
2025-08-11 07:54:08,833 [INFO] PluginManage:359 - Loaded plugin pinoutandconfiguration (category:base,tabindex:1)
2025-08-11 07:54:08,833 [INFO] PluginManage:310 - Check plugin pinoutconfig
2025-08-11 07:54:08,931 [WARN] SupportedApi:132 - Cannot load RTOS API schema: s4s-elt-must-match.1: The content of 'definitions' must match (annotation?, (simpleType | complexType)?, (unique | key | keyref)*)). A problem was found starting at: attribute.
2025-08-11 07:54:09,061 [INFO] PluginManage:359 - Loaded plugin pinoutconfig (category:base,tabindex:0)
2025-08-11 07:54:09,061 [INFO] PluginManage:310 - Check plugin power
2025-08-11 07:54:09,089 [INFO] PluginManage:359 - Loaded plugin power (category:power,tabindex:4)
2025-08-11 07:54:09,089 [INFO] PluginManage:310 - Check plugin projectmanager
2025-08-11 07:54:09,107 [INFO] PluginManage:359 - Loaded plugin projectmanager (category:projectmanager,tabindex:4)
2025-08-11 07:54:09,108 [INFO] PluginManage:310 - Check plugin rif
2025-08-11 07:54:09,136 [INFO] PluginManage:359 - Loaded plugin rif (category:base,tabindex:3)
2025-08-11 07:54:09,137 [INFO] PluginManage:310 - Check plugin thirdparty
2025-08-11 07:54:09,509 [INFO] PluginManage:359 - Loaded plugin thirdparty (category:base,tabindex:-1)
2025-08-11 07:54:09,509 [WARN] IntegrityCheckThread:84 - waiting for thirdparty lock release [integrity check]
2025-08-11 07:54:09,509 [INFO] PluginManage:310 - Check plugin tools
2025-08-11 07:54:09,509 [INFO] IntegrityCheckThread:86 - entering critical section [integrity check]
2025-08-11 07:54:09,510 [INFO] ThirdPartyUpdaterWithRetryManager:70 - Updater plugin not ready yet. [1/15]
2025-08-11 07:54:09,557 [INFO] PluginManage:359 - Loaded plugin tools (category:base,tabindex:7)
2025-08-11 07:54:09,558 [INFO] PluginManage:310 - Check plugin tutovideos
2025-08-11 07:54:09,797 [INFO] PluginManage:359 - Loaded plugin tutovideos (category:base,tabindex:-1)
2025-08-11 07:54:09,797 [INFO] PluginManage:310 - Check plugin updater
2025-08-11 07:54:09,822 [INFO] PluginManage:359 - Loaded plugin updater (category:base,tabindex:12)
2025-08-11 07:54:09,822 [INFO] PluginManage:310 - Check plugin userauth
2025-08-11 07:54:09,827 [INFO] UserAuth:118 - Init User Auth plugin
2025-08-11 07:54:09,828 [INFO] PluginManage:359 - Loaded plugin userauth (category:base,tabindex:14)
2025-08-11 07:54:09,829 [INFO] PluginManage:283 - PluginManage : Loaded plugins [18]
2025-08-11 07:54:10,076 [INFO] PinOutPanel:1589 - setPackage(No Configuration,No Configuration)
2025-08-11 07:54:10,178 [INFO] CADModel:165 - CPN selected for project level
2025-08-11 07:54:10,179 [INFO] CADModel:114 - Register for checkConnection events
2025-08-11 07:54:10,211 [INFO] IPUIPlugin:80 - create IPUIPlugin
2025-08-11 07:54:10,212 [INFO] PluginManager:220 - loadIPPluginJar : add adc
2025-08-11 07:54:10,287 [INFO] IPUIPlugin:80 - create IPUIPlugin
2025-08-11 07:54:10,287 [INFO] PluginManager:220 - loadIPPluginJar : add aes
2025-08-11 07:54:10,402 [INFO] IPUIPlugin:80 - create IPUIPlugin
2025-08-11 07:54:10,403 [INFO] PluginManager:220 - loadIPPluginJar : add can
2025-08-11 07:54:10,442 [INFO] IPUIPlugin:80 - create IPUIPlugin
2025-08-11 07:54:10,443 [INFO] PluginManager:220 - loadIPPluginJar : add comp
2025-08-11 07:54:10,560 [INFO] IPUIPlugin:80 - create IPUIPlugin
2025-08-11 07:54:10,560 [INFO] PluginManager:220 - loadIPPluginJar : add cryp
2025-08-11 07:54:10,602 [INFO] IPUIPlugin:80 - create IPUIPlugin
2025-08-11 07:54:10,602 [INFO] PluginManager:220 - loadIPPluginJar : add ddr_ctrl_phy
2025-08-11 07:54:10,667 [INFO] IPUIPlugin:80 - create IPUIPlugin
2025-08-11 07:54:10,667 [INFO] PluginManager:220 - loadIPPluginJar : add dfsdm
2025-08-11 07:54:10,684 [INFO] IPUIPlugin:80 - create IPUIPlugin
2025-08-11 07:54:10,685 [INFO] PluginManager:220 - loadIPPluginJar : add dma
2025-08-11 07:54:10,751 [INFO] IPUIPlugin:80 - create IPUIPlugin
2025-08-11 07:54:10,752 [INFO] PluginManager:220 - loadIPPluginJar : add dma3
2025-08-11 07:54:10,852 [INFO] IPUIPlugin:80 - create IPUIPlugin
2025-08-11 07:54:10,852 [INFO] PluginManager:220 - loadIPPluginJar : add extmemmanager
2025-08-11 07:54:10,893 [INFO] IPUIPlugin:80 - create IPUIPlugin
2025-08-11 07:54:10,893 [INFO] PluginManager:220 - loadIPPluginJar : add fatfs
2025-08-11 07:54:10,986 [INFO] IPUIPlugin:80 - create IPUIPlugin
2025-08-11 07:54:10,986 [INFO] PluginManager:220 - loadIPPluginJar : add fmc
2025-08-11 07:54:11,011 [INFO] IPUIPlugin:80 - create IPUIPlugin
2025-08-11 07:54:11,012 [INFO] PluginManager:220 - loadIPPluginJar : add freertos
2025-08-11 07:54:11,060 [INFO] IPUIPlugin:80 - create IPUIPlugin
2025-08-11 07:54:11,060 [INFO] PluginManager:220 - loadIPPluginJar : add genericplugin
2025-08-11 07:54:11,247 [INFO] IPUIPlugin:80 - create IPUIPlugin
2025-08-11 07:54:11,247 [INFO] PluginManager:220 - loadIPPluginJar : add gfxmmu
2025-08-11 07:54:11,585 [INFO] IPUIPlugin:80 - create IPUIPlugin
2025-08-11 07:54:11,585 [INFO] PluginManager:220 - loadIPPluginJar : add gic
2025-08-11 07:54:11,616 [INFO] IPUIPlugin:80 - create IPUIPlugin
2025-08-11 07:54:11,616 [INFO] PluginManager:220 - loadIPPluginJar : add gpio
2025-08-11 07:54:11,797 [INFO] IPUIPlugin:80 - create IPUIPlugin
2025-08-11 07:54:11,797 [INFO] PluginManager:220 - loadIPPluginJar : add gtzc
2025-08-11 07:54:11,858 [INFO] IPUIPlugin:80 - create IPUIPlugin
2025-08-11 07:54:11,858 [INFO] PluginManager:220 - loadIPPluginJar : add hash
2025-08-11 07:54:11,963 [INFO] IPUIPlugin:80 - create IPUIPlugin
2025-08-11 07:54:11,963 [INFO] PluginManager:220 - loadIPPluginJar : add i2c
2025-08-11 07:54:12,050 [INFO] IPUIPlugin:80 - create IPUIPlugin
2025-08-11 07:54:12,050 [INFO] PluginManager:220 - loadIPPluginJar : add i2s
2025-08-11 07:54:12,191 [INFO] IPUIPlugin:80 - create IPUIPlugin
2025-08-11 07:54:12,191 [INFO] PluginManager:220 - loadIPPluginJar : add i3c
2025-08-11 07:54:12,424 [INFO] IPUIPlugin:80 - create IPUIPlugin
2025-08-11 07:54:12,424 [INFO] PluginManager:220 - loadIPPluginJar : add ipddr
2025-08-11 07:54:12,511 [INFO] ThirdPartyUpdaterWithRetryManager:70 - Updater plugin not ready yet. [2/15]
2025-08-11 07:54:12,623 [INFO] IPUIPlugin:80 - create IPUIPlugin
2025-08-11 07:54:12,623 [INFO] PluginManager:220 - loadIPPluginJar : add linkedlist
2025-08-11 07:54:12,730 [INFO] IPUIPlugin:80 - create IPUIPlugin
2025-08-11 07:54:12,730 [INFO] PluginManager:220 - loadIPPluginJar : add lorawan
2025-08-11 07:54:12,838 [INFO] IPUIPlugin:80 - create IPUIPlugin
2025-08-11 07:54:12,838 [INFO] PluginManager:220 - loadIPPluginJar : add ltdc
2025-08-11 07:54:12,864 [INFO] IPUIPlugin:80 - create IPUIPlugin
2025-08-11 07:54:12,864 [INFO] PluginManager:220 - loadIPPluginJar : add mdma
2025-08-11 07:54:12,881 [INFO] IPUIPlugin:80 - create IPUIPlugin
2025-08-11 07:54:12,881 [INFO] PluginManager:220 - loadIPPluginJar : add nvic
2025-08-11 07:54:12,940 [INFO] IPUIPlugin:80 - create IPUIPlugin
2025-08-11 07:54:12,940 [INFO] PluginManager:220 - loadIPPluginJar : add opamp
2025-08-11 07:54:13,052 [INFO] IPUIPlugin:80 - create IPUIPlugin
2025-08-11 07:54:13,053 [INFO] PluginManager:220 - loadIPPluginJar : add openamp
2025-08-11 07:54:13,167 [INFO] IPUIPlugin:80 - create IPUIPlugin
2025-08-11 07:54:13,168 [INFO] PluginManager:220 - loadIPPluginJar : add pdm2pcm
2025-08-11 07:54:13,186 [INFO] IPUIPlugin:80 - create IPUIPlugin
2025-08-11 07:54:13,186 [INFO] PluginManager:220 - loadIPPluginJar : add plateformsettings
2025-08-11 07:54:13,220 [INFO] IPUIPlugin:80 - create IPUIPlugin
2025-08-11 07:54:13,220 [INFO] PluginManager:220 - loadIPPluginJar : add quadspi
2025-08-11 07:54:13,273 [INFO] IPUIPlugin:80 - create IPUIPlugin
2025-08-11 07:54:13,274 [INFO] PluginManager:220 - loadIPPluginJar : add radio
2025-08-11 07:54:13,304 [INFO] IPUIPlugin:80 - create IPUIPlugin
2025-08-11 07:54:13,304 [INFO] PluginManager:220 - loadIPPluginJar : add resmgrutility
2025-08-11 07:54:13,380 [INFO] IPUIPlugin:80 - create IPUIPlugin
2025-08-11 07:54:13,380 [INFO] PluginManager:220 - loadIPPluginJar : add sai
2025-08-11 07:54:13,436 [INFO] IPUIPlugin:80 - create IPUIPlugin
2025-08-11 07:54:13,436 [INFO] PluginManager:220 - loadIPPluginJar : add spi
2025-08-11 07:54:13,562 [INFO] IPUIPlugin:80 - create IPUIPlugin
2025-08-11 07:54:13,562 [INFO] PluginManager:220 - loadIPPluginJar : add stm32_wpan
2025-08-11 07:54:13,610 [INFO] IPUIPlugin:80 - create IPUIPlugin
2025-08-11 07:54:13,610 [INFO] PluginManager:220 - loadIPPluginJar : add tim
2025-08-11 07:54:13,752 [INFO] IPUIPlugin:80 - create IPUIPlugin
2025-08-11 07:54:13,752 [INFO] PluginManager:220 - loadIPPluginJar : add touchsensing
2025-08-11 07:54:13,802 [INFO] IPUIPlugin:80 - create IPUIPlugin
2025-08-11 07:54:13,802 [INFO] PluginManager:220 - loadIPPluginJar : add tracer_emb
2025-08-11 07:54:13,841 [INFO] IPUIPlugin:80 - create IPUIPlugin
2025-08-11 07:54:13,841 [INFO] PluginManager:220 - loadIPPluginJar : add ts
2025-08-11 07:54:13,904 [INFO] IPUIPlugin:80 - create IPUIPlugin
2025-08-11 07:54:13,904 [INFO] PluginManager:220 - loadIPPluginJar : add tsc
2025-08-11 07:54:13,935 [INFO] IPUIPlugin:80 - create IPUIPlugin
2025-08-11 07:54:13,935 [INFO] PluginManager:220 - loadIPPluginJar : add ucpd
2025-08-11 07:54:14,014 [INFO] IPUIPlugin:80 - create IPUIPlugin
2025-08-11 07:54:14,014 [INFO] PluginManager:220 - loadIPPluginJar : add usart
2025-08-11 07:54:14,124 [INFO] IPUIPlugin:80 - create IPUIPlugin
2025-08-11 07:54:14,124 [INFO] PluginManager:220 - loadIPPluginJar : add usbx
2025-08-11 07:54:14,313 [FATAL] Updater:351 - Updater called before beeing initialized
2025-08-11 07:54:14,361 [INFO] RulesReader:64 - Compatibility file has been processed (317 Rules)
2025-08-11 07:54:14,391 [INFO] RulesReader:64 - Compatibility file has been processed (317 Rules)
2025-08-11 07:54:14,391 [INFO] CADModel:165 - CPN selected for project level
2025-08-11 07:54:14,391 [INFO] CADModel:114 - Register for checkConnection events
2025-08-11 07:54:14,407 [FATAL] Updater:351 - Updater called before beeing initialized
2025-08-11 07:54:14,407 [ERROR] CADModel:125 - Updater not yet initialized, retry later 
2025-08-11 07:54:14,627 [FATAL] Updater:351 - Updater called before beeing initialized
2025-08-11 07:54:14,627 [INFO] CADModel:165 - CPN selected for project level
2025-08-11 07:54:14,627 [INFO] CADModel:114 - Register for checkConnection events
2025-08-11 07:54:14,627 [FATAL] Updater:351 - Updater called before beeing initialized
2025-08-11 07:54:14,627 [ERROR] CADModel:125 - Updater not yet initialized, retry later 
2025-08-11 07:54:14,627 [FATAL] Updater:351 - Updater called before beeing initialized
2025-08-11 07:54:14,802 [FATAL] Updater:351 - Updater called before beeing initialized
2025-08-11 07:54:14,817 [INFO] DbMcusAds:53 - JSON generation date=Tue Jul 08 05:14:23 BRT 2025 (1751962463582)
2025-08-11 07:54:14,817 [FATAL] Updater:351 - Updater called before beeing initialized
2025-08-11 07:54:14,896 [WARN] DetailPanel:346 - Failed to get advertising image, set to default
2025-08-11 07:54:15,117 [FATAL] Updater:351 - Updater called before beeing initialized
2025-08-11 07:54:15,118 [FATAL] Updater:351 - Updater called before beeing initialized
2025-08-11 07:54:15,118 [FATAL] Updater:351 - Updater called before beeing initialized
2025-08-11 07:54:15,118 [WARN] DetailPanel:346 - Failed to get advertising image, set to default
2025-08-11 07:54:15,118 [FATAL] Updater:351 - Updater called before beeing initialized
2025-08-11 07:54:15,211 [ERROR] Updater:1198 - MainUpdater not yet initialized. External WinMGr cannot be set.
2025-08-11 07:54:15,226 [INFO] Updater:1134 - Updater Version found : 6.15.0
2025-08-11 07:54:15,258 [INFO] ApplicationProperties:184 - Using Application install path: C:\ST\STM32CubeIDE_1.19.0\STM32CubeIDE\plugins\com.st.stm32cube.common.mx_6.15.0.202507011659
2025-08-11 07:54:15,525 [INFO] ThirdPartyUpdaterWithRetryManager:70 - Updater plugin not ready yet. [3/15]
2025-08-11 07:54:16,881 [ERROR] LogOutputStream:75 - [STDERR_REDIRECT] Aug 11, 2025 7:54:16 AM java.util.prefs.WindowsPreferences <init>
2025-08-11 07:54:16,897 [ERROR] LogOutputStream:75 - [STDERR_REDIRECT] WARNING: Could not open/create prefs root node Software\JavaSoft\Prefs at root 0xffffffff80000002. Windows RegCreateKeyEx(...) returned error code 5.
2025-08-11 07:54:16,897 [ERROR] LogOutputStream:75 - [STDERR_REDIRECT] 
2025-08-11 07:54:17,337 [INFO] MainUpdater:2872 - connection check result : 10
2025-08-11 07:54:17,337 [INFO] MainUpdater:289 - Updater Check For Update Now.
2025-08-11 07:54:17,337 [INFO] MicroXplorer:498 - Change Database Version : DB.6.0.150
2025-08-11 07:54:17,379 [INFO] McuFinderGlobals:63 - Set McuFinder mode to 2 (CubeIDE integrated)
2025-08-11 07:54:17,385 [INFO] UserAuth:487 - Internet connection configuration mode: 1
2025-08-11 07:54:17,487 [INFO] JxBrowserEngine:152 - Initiate JxBrowser Engine with user profile folder
2025-08-11 07:54:17,718 [INFO] CheckServerUpdateThread:120 - End of CheckServer Thread
2025-08-11 07:54:18,906 [WARN] PackLoader:240 - Cannot read IP mode file for STMicroelectronics.FP-SNS-MOTENVWB1.1.4.0
2025-08-11 07:54:18,937 [WARN] PackLoader:240 - Cannot read IP mode file for STMicroelectronics.FP-ATR-ASTRA1.2.0.2
2025-08-11 07:54:18,969 [WARN] PackLoader:240 - Cannot read IP mode file for STMicroelectronics.X-CUBE-SMBUS.2.1.0
2025-08-11 07:54:18,995 [WARN] PackLoader:240 - Cannot read IP mode file for STMicroelectronics.X-CUBE-ST60.1.0.0
2025-08-11 07:54:19,063 [WARN] PackLoader:240 - Cannot read IP mode file for STMicroelectronics.X-CUBE-AZRTOS-F7.1.1.0
2025-08-11 07:54:19,126 [WARN] PackLoader:240 - Cannot read IP mode file for Infineon.AIROC-Wi-Fi-Bluetooth-STM32.1.7.1
2025-08-11 07:54:19,189 [WARN] PackLoader:240 - Cannot read IP mode file for STMicroelectronics.X-CUBE-AZRTOS-H7.3.4.0
2025-08-11 07:54:19,227 [WARN] PackLoader:240 - Cannot read IP mode file for STMicroelectronics.X-CUBE-DISPLAY.3.0.0
2025-08-11 07:54:19,252 [WARN] PackLoader:240 - Cannot read IP mode file for STMicroelectronics.X-CUBE-NFC10.1.0.0
2025-08-11 07:54:19,283 [WARN] PackLoader:240 - Cannot read IP mode file for emotas.I-CUBE-CANOPEN.1.3.0
2025-08-11 07:54:19,299 [WARN] PackLoader:240 - Cannot read IP mode file for STMicroelectronics.FP-SNS-STBOX1.2.1.0
2025-08-11 07:54:19,325 [WARN] PackLoader:240 - Cannot read IP mode file for STMicroelectronics.FP-SNS-SMARTAG2.1.2.0
2025-08-11 07:54:19,346 [WARN] PackLoader:240 - Cannot read IP mode file for STMicroelectronics.FP-SNS-FLIGHT1.5.1.0
2025-08-11 07:54:19,362 [INFO] LogOutputStream:77 - [STDOUT_REDIRECT] 1 : Invalid condition id : UX_CORESTACK_Condition cause : null
2025-08-11 07:54:19,362 [INFO] LogOutputStream:77 - [STDOUT_REDIRECT] 1 : Invalid condition id : UX_CORESTACK_Condition cause : null
2025-08-11 07:54:19,378 [INFO] LogOutputStream:77 - [STDOUT_REDIRECT] 1 : Invalid condition id : UX_CORESTACK_Condition cause : null
2025-08-11 07:54:19,378 [INFO] LogOutputStream:77 - [STDOUT_REDIRECT] 1 : Invalid condition id : UX_CORESTACK_Condition cause : null
2025-08-11 07:54:19,378 [INFO] LogOutputStream:77 - [STDOUT_REDIRECT] 1 : Invalid condition id : UX_CORESTACK_Condition cause : null
2025-08-11 07:54:19,393 [WARN] PackLoader:240 - Cannot read IP mode file for STMicroelectronics.X-CUBE-AZRTOS-WL.2.0.0
2025-08-11 07:54:19,409 [WARN] PackLoader:240 - Cannot read IP mode file for STMicroelectronics.FP-SNS-MOTENV1.5.0.0
2025-08-11 07:54:19,440 [WARN] PackLoader:240 - Cannot read IP mode file for WES.I-CUBE-Cesium.1.3.0
2025-08-11 07:54:19,456 [WARN] PackLoader:240 - Cannot read IP mode file for STMicroelectronics.X-CUBE-BLE2.3.3.0
2025-08-11 07:54:19,503 [WARN] PackLoader:240 - Cannot read IP mode file for STMicroelectronics.X-CUBE-NFC9.1.0.0
2025-08-11 07:54:19,535 [WARN] PackLoader:240 - Cannot read IP mode file for wolfSSL.I-CUBE-wolfSSL.5.8.2
2025-08-11 07:54:19,582 [WARN] PackLoader:240 - Cannot read IP mode file for STMicroelectronics.X-CUBE-BLE1.7.1.0
2025-08-11 07:54:19,598 [WARN] PackLoader:240 - Cannot read IP mode file for wolfSSL.I-CUBE-wolfMQTT.1.19.2
2025-08-11 07:54:19,613 [WARN] PackLoader:240 - Cannot read IP mode file for STMicroelectronics.X-CUBE-EEPRMA1.5.2.0
2025-08-11 07:54:19,645 [WARN] PackLoader:240 - Cannot read IP mode file for STMicroelectronics.X-CUBE-AZRTOS-G0.1.1.0
2025-08-11 07:54:19,677 [WARN] PackLoader:240 - Cannot read IP mode file for STMicroelectronics.X-CUBE-SAFEA1.1.2.2
2025-08-11 07:54:19,692 [WARN] PackLoader:240 - Cannot read IP mode file for STMicroelectronics.X-CUBE-NFC4.3.0.0
2025-08-11 07:54:19,708 [WARN] PackLoader:240 - Cannot read IP mode file for EmbeddedOffice.I-CUBE-FS-RTOS.1.0.1
2025-08-11 07:54:19,724 [WARN] PackLoader:240 - Cannot read IP mode file for STMicroelectronics.X-CUBE-WB05N.2.0.0
2025-08-11 07:54:19,752 [WARN] PackLoader:240 - Cannot read IP mode file for wolfSSL.I-CUBE-wolfTPM.3.8.0
2025-08-11 07:54:19,765 [WARN] PackLoader:240 - Cannot read IP mode file for STMicroelectronics.X-CUBE-TCPP.4.2.0
2025-08-11 07:54:19,787 [WARN] PackLoader:240 - Cannot read IP mode file for RealThread.X-CUBE-RT-Thread_Nano.4.1.1
2025-08-11 07:54:19,803 [WARN] PackLoader:240 - Cannot read IP mode file for STMicroelectronics.FP-ATR-SIGFOX1.3.2.0
2025-08-11 07:54:19,818 [WARN] PackLoader:240 - Cannot read IP mode file for ITTIA_DB.I-CUBE-ITTIADB.8.9.0
2025-08-11 07:54:19,852 [WARN] PackLoader:240 - Cannot read IP mode file for STMicroelectronics.X-CUBE-ST67W61.1.0.0
2025-08-11 07:54:19,897 [WARN] PackLoader:240 - Cannot read IP mode file for STMicroelectronics.X-CUBE-AI.10.2.0
2025-08-11 07:54:19,945 [WARN] PackLoader:240 - Cannot read IP mode file for SEGGER.I-CUBE-embOS.1.3.1
2025-08-11 07:54:20,003 [WARN] PackLoader:240 - Cannot read IP mode file for STMicroelectronics.X-CUBE-ALGOBUILD.1.4.0
2025-08-11 07:54:20,056 [WARN] PackLoader:240 - Cannot read IP mode file for STMicroelectronics.X-CUBE-MEMS1.11.3.0
2025-08-11 07:54:20,215 [WARN] PackLoader:240 - Cannot read IP mode file for STMicroelectronics.X-CUBE-PM33A1.1.0.0
2025-08-11 07:54:20,261 [WARN] PackLoader:240 - Cannot read IP mode file for STMicroelectronics.X-CUBE-AZRTOS-F4.1.1.0
2025-08-11 07:54:20,404 [WARN] PackLoader:240 - Cannot read IP mode file for Avnet-IotConnect.X-CUBE-IoTC-DA16k-PMOD.1.0.0
2025-08-11 07:54:20,433 [WARN] PackLoader:240 - Cannot read IP mode file for STMicroelectronics.X-CUBE-ISPU.2.1.0
2025-08-11 07:54:20,454 [WARN] PackLoader:240 - Cannot read IP mode file for STMicroelectronics.X-CUBE-NFC12.1.0.0
2025-08-11 07:54:20,513 [WARN] PackLoader:240 - Cannot read IP mode file for STMicroelectronics.X-CUBE-AZRTOS-L5.2.0.0
2025-08-11 07:54:20,560 [WARN] PackLoader:240 - Cannot read IP mode file for STMicroelectronics.X-CUBE-NFC6.3.1.0
2025-08-11 07:54:20,592 [WARN] PackLoader:240 - Cannot read IP mode file for STMicroelectronics.X-CUBE-FREERTOS.1.3.1
2025-08-11 07:54:20,621 [WARN] PackLoader:240 - Cannot read IP mode file for STMicroelectronics.FP-SNS-STAIOTCFT.1.0.0
2025-08-11 07:54:20,648 [WARN] PackLoader:240 - Cannot read IP mode file for STMicroelectronics.X-CUBE-DPower.1.3.0
2025-08-11 07:54:20,688 [WARN] ConditionMgr:438 - getConditionDescription Invalid condition id : LAN8742 Phy interface Condition cause : null
2025-08-11 07:54:20,688 [WARN] PackLoader:240 - Cannot read IP mode file for STMicroelectronics.X-CUBE-AZRTOS-L4.2.0.0
2025-08-11 07:54:20,688 [WARN] ConditionMgr:1044 - genDependencies : Invalid condition id : LAN8742 Phy interface Condition cause : null
2025-08-11 07:54:20,688 [WARN] ConditionMgr:1044 - genDependencies : Invalid condition id : LAN8742 Phy interface Condition cause : null
2025-08-11 07:54:20,700 [WARN] ConditionMgr:1044 - genDependencies : Invalid condition id : LAN8742 Phy interface Condition cause : null
2025-08-11 07:54:20,719 [WARN] PackLoader:240 - Cannot read IP mode file for STMicroelectronics.X-CUBE-SFXS2LP1.4.0.0
2025-08-11 07:54:20,753 [WARN] PackLoader:240 - Cannot read IP mode file for STMicroelectronics.X-CUBE-BLEMGR.4.1.0
2025-08-11 07:54:20,798 [WARN] ConditionMgr:438 - getConditionDescription Invalid condition id : UX DEVICE CLASS RTOS Condition cause : null
2025-08-11 07:54:20,798 [WARN] ConditionMgr:438 - getConditionDescription Invalid condition id : UX DEVICE CLASS RTOS Condition cause : null
2025-08-11 07:54:20,798 [WARN] PackLoader:240 - Cannot read IP mode file for STMicroelectronics.X-CUBE-AZRTOS-WB.2.0.0
2025-08-11 07:54:20,798 [WARN] ConditionMgr:1044 - genDependencies : Invalid condition id : UX DEVICE CLASS RTOS Condition cause : null
2025-08-11 07:54:20,798 [WARN] ConditionMgr:1044 - genDependencies : Invalid condition id : UX DEVICE CLASS RTOS Condition cause : null
2025-08-11 07:54:20,798 [WARN] ConditionMgr:1044 - genDependencies : Invalid condition id : UX DEVICE CLASS RTOS Condition cause : null
2025-08-11 07:54:20,798 [WARN] ConditionMgr:1044 - genDependencies : Invalid condition id : UX DEVICE CLASS RTOS Condition cause : null
2025-08-11 07:54:20,798 [WARN] ConditionMgr:1044 - genDependencies : Invalid condition id : UX DEVICE CLASS RTOS Condition cause : null
2025-08-11 07:54:20,829 [INFO] WebApp:169 - Instantiating new browser for Auth
2025-08-11 07:54:20,847 [WARN] PackLoader:240 - Cannot read IP mode file for STMicroelectronics.X-CUBE-GNSS1.7.0.1
2025-08-11 07:54:20,880 [WARN] PackLoader:240 - Cannot read IP mode file for STMicroelectronics.X-CUBE-TOUCHGFX.4.25.0
2025-08-11 07:54:20,966 [WARN] ConditionMgr:438 - getConditionDescription Invalid condition id : Cortex-A Device cause : null
2025-08-11 07:54:21,038 [WARN] ConditionMgr:1044 - genDependencies : Invalid condition id : Cortex-A Device cause : null
2025-08-11 07:54:21,038 [WARN] ConditionMgr:1044 - genDependencies : Invalid condition id : Cortex-A Device cause : null
2025-08-11 07:54:21,038 [WARN] ConditionMgr:1044 - genDependencies : Invalid condition id : Cortex-A Device cause : null
2025-08-11 07:54:21,106 [WARN] PackLoader:240 - Cannot read IP mode file for STMicroelectronics.X-CUBE-SUBG2.5.0.0
2025-08-11 07:54:21,208 [WARN] PackLoader:240 - Cannot read IP mode file for STMicroelectronics.X-CUBE-AZRTOS-H7RS.1.1.0
2025-08-11 07:54:21,277 [WARN] PackLoader:240 - Cannot read IP mode file for Cesanta.I-CUBE-Mongoose.7.13.0
2025-08-11 07:54:21,381 [WARN] PackLoader:240 - Cannot read IP mode file for STMicroelectronics.X-CUBE-AZRTOS-G4.2.0.0
2025-08-11 07:54:21,420 [WARN] PackLoader:240 - Cannot read IP mode file for wolfSSL.I-CUBE-wolfSSH.1.4.20
2025-08-11 07:54:21,453 [WARN] PackLoader:240 - Cannot read IP mode file for STMicroelectronics.X-CUBE-NFC7.2.0.0
2025-08-11 07:54:21,484 [WARN] PackLoader:240 - Cannot read IP mode file for STMicroelectronics.X-CUBE-IPS.3.1.0
2025-08-11 07:54:21,508 [WARN] PackLoader:240 - Cannot read IP mode file for STMicroelectronics.X-CUBE-ALS.1.0.2
2025-08-11 07:54:21,541 [WARN] PackLoader:240 - Cannot read IP mode file for portGmbH.I-Cube-SoM-uGOAL.1.1.0
2025-08-11 07:54:21,572 [WARN] PackLoader:240 - Cannot read IP mode file for STMicroelectronics.X-CUBE-TOF1.3.4.3
2025-08-11 07:54:21,587 [INFO] ThirdParty:978 - Integrity check success = true
2025-08-11 07:54:21,587 [INFO] IntegrityCheckThread:100 - exiting critical section [integrity check]
2025-08-11 07:54:21,587 [INFO] IntegrityCheckThread:103 - End integrity checks thread
2025-08-11 07:54:22,347 [INFO] WebApp:463 - Apply proxy settings
2025-08-11 07:54:22,347 [INFO] WebApp:548 - Chromium requires no authentication
2025-08-11 07:54:22,359 [INFO] WebApp:491 - Direct internet connection detected
2025-08-11 07:54:22,391 [INFO] WebApp:900 - Register for checkConnection events
2025-08-11 07:54:22,391 [INFO] WebApp:463 - Apply proxy settings
2025-08-11 07:54:22,391 [INFO] WebApp:548 - Chromium requires no authentication
2025-08-11 07:54:22,391 [INFO] WebApp:491 - Direct internet connection detected
2025-08-11 07:54:22,657 [INFO] WebApp:225 - Starting web application
2025-08-11 07:54:22,658 [INFO] WebApp:593 - Web application path used C:\ST\STM32CubeIDE_1.19.0\STM32CubeIDE\plugins\com.st.stm32cube.common.mx_6.15.0.202507011659\db\plugins\mcufinder\reactClient1\index.html
2025-08-11 07:54:22,658 [INFO] WebApp:191 - Connection restablished
2025-08-11 07:54:22,882 [INFO] UserAuth:487 - Internet connection configuration mode: 1
2025-08-11 08:55:25,707 [INFO] McuFinderGlobals:63 - Set McuFinder mode to 2 (CubeIDE integrated)
2025-08-11 08:55:25,718 [INFO] UserAuth:487 - Internet connection configuration mode: 1
2025-08-11 08:55:29,401 [INFO] UserAuth:171 - activating auth plugin
2025-08-11 08:55:29,412 [INFO] UserAuth:487 - Internet connection configuration mode: 1
2025-08-11 08:57:39,672 [INFO] McuFinderGlobals:63 - Set McuFinder mode to 2 (CubeIDE integrated)
2025-08-11 08:57:39,707 [INFO] MainUpdater:2872 - connection check result : 10
2025-08-11 08:57:39,717 [INFO] MainUpdater:2872 - connection check result : 10
2025-08-11 08:57:39,924 [INFO] MicroXplorer:468 - Change Database Path : 
2025-08-11 08:57:39,924 [INFO] MicroXplorer:498 - Change Database Version : DB.6.0.150
2025-08-11 08:57:39,929 [WARN] ThirdParty:871 - waiting for thirdparty lock release [close project]
2025-08-11 08:57:39,929 [INFO] ThirdParty:873 - entering critical section [close project]
2025-08-11 08:57:39,930 [INFO] ThirdParty:883 - exiting critical section [close project]
2025-08-11 08:57:39,933 [INFO] PinOutPanel:1589 - setPackage(No Configuration,No Configuration)
2025-08-11 08:57:39,937 [INFO] UtilMem:75 - Begin LoadConfig() Used Memory: 583680776 Bytes (889192448)
2025-08-11 08:57:39,939 [INFO] MicroXplorer:468 - Change Database Path : 
2025-08-11 08:57:39,940 [INFO] MicroXplorer:498 - Change Database Version : DB.6.0.150
2025-08-11 08:57:39,940 [INFO] OpenFileManager:355 - Change cursor
2025-08-11 08:57:40,024 [INFO] Mcu:2029 - Initializing MCU STM32F103C(8-B)Tx STM32F103C8Tx STM32F103C8T6TR
2025-08-11 08:57:41,145 [INFO] Context:786 - Trying to add GPIOservice into a context  which must be forbidden
2025-08-11 08:57:41,421 [INFO] ImportTextPane:234 - (OptionalMessage_ERROR) Pin6 (VP_RIF_VS_RIF1) cannot be retrieved for this MCU
2025-08-11 08:57:41,498 [INFO] RtosManager:558 - Registered RTOS mode: class=CMSIS, group=RTOS, mode=CMSIS_V1, owner=FREERTOS
2025-08-11 08:57:41,498 [INFO] RtosManager:558 - Registered RTOS mode: class=CMSIS, group=RTOS2, mode=CMSIS_V2, owner=FREERTOS
2025-08-11 08:57:41,498 [INFO] RtosManager:558 - Registered RTOS mode: class=RTOS, group=Core, mode=CMSIS_V1, owner=FREERTOS
2025-08-11 08:57:41,499 [INFO] RtosManager:558 - Registered RTOS mode: class=RTOS, group=Core, mode=CMSIS_V2, owner=FREERTOS
2025-08-11 08:57:41,499 [WARN] ModelIntegratedComponent:184 - Missing modes for component STMicroelectronics:FreeRTOS:0.0.1:STMicroelectronics:RTOS:FreeRTOS:Core:::10.2.0:
2025-08-11 08:57:41,521 [WARN] ModelIntegratedComponent:63 - No mode defined for component null
2025-08-11 08:57:41,521 [WARN] ModelIntegratedComponent:63 - No mode defined for component null
2025-08-11 08:57:41,521 [WARN] ModelIntegratedComponent:63 - No mode defined for component null
2025-08-11 08:57:41,521 [WARN] ModelIntegratedComponent:63 - No mode defined for component null
2025-08-11 08:57:41,521 [WARN] ModelIntegratedComponent:63 - No mode defined for component null
2025-08-11 08:57:41,521 [WARN] ModelIntegratedComponent:63 - No mode defined for component null
2025-08-11 08:57:41,521 [WARN] ModelIntegratedComponent:63 - No mode defined for component null
2025-08-11 08:57:41,521 [WARN] ModelIntegratedComponent:63 - No mode defined for component null
2025-08-11 08:57:41,521 [WARN] ModelIntegratedComponent:63 - No mode defined for component null
2025-08-11 08:57:41,521 [WARN] ModelIntegratedComponent:63 - No mode defined for component null
2025-08-11 08:57:41,521 [WARN] ModelIntegratedComponent:63 - No mode defined for component null
2025-08-11 08:57:41,521 [WARN] ModelIntegratedComponent:63 - No mode defined for component null
2025-08-11 08:57:41,522 [WARN] ModelIntegratedComponent:63 - No mode defined for component null
2025-08-11 08:57:41,522 [WARN] ModelIntegratedComponent:63 - No mode defined for component null
2025-08-11 08:57:41,522 [WARN] ModelIntegratedComponent:63 - No mode defined for component null
2025-08-11 08:57:41,522 [WARN] ModelIntegratedComponent:63 - No mode defined for component null
2025-08-11 08:57:41,522 [WARN] ModelIntegratedComponent:63 - No mode defined for component null
2025-08-11 08:57:41,522 [WARN] ModelIntegratedComponent:63 - No mode defined for component null
2025-08-11 08:57:41,522 [WARN] ModelIntegratedComponent:63 - No mode defined for component null
2025-08-11 08:57:41,522 [WARN] ModelIntegratedComponent:63 - No mode defined for component null
2025-08-11 08:57:41,522 [WARN] ModelIntegratedComponent:63 - No mode defined for component null
2025-08-11 08:57:41,522 [WARN] ModelIntegratedComponent:63 - No mode defined for component null
2025-08-11 08:57:41,522 [WARN] ModelIntegratedComponent:63 - No mode defined for component null
2025-08-11 08:57:41,522 [WARN] ModelIntegratedComponent:63 - No mode defined for component null
2025-08-11 08:57:41,522 [WARN] ModelIntegratedComponent:63 - No mode defined for component null
2025-08-11 08:57:41,522 [WARN] ModelIntegratedComponent:63 - No mode defined for component null
2025-08-11 08:57:41,522 [WARN] ModelIntegratedComponent:63 - No mode defined for component null
2025-08-11 08:57:41,522 [WARN] ModelIntegratedComponent:63 - No mode defined for component null
2025-08-11 08:57:41,523 [WARN] ModelIntegratedComponent:63 - No mode defined for component null
2025-08-11 08:57:41,523 [WARN] ModelIntegratedComponent:63 - No mode defined for component null
2025-08-11 08:57:41,523 [WARN] ModelIntegratedComponent:63 - No mode defined for component null
2025-08-11 08:57:41,523 [WARN] ModelIntegratedComponent:63 - No mode defined for component null
2025-08-11 08:57:41,523 [WARN] ModelIntegratedComponent:63 - No mode defined for component null
2025-08-11 08:57:41,523 [WARN] ModelIntegratedComponent:63 - No mode defined for component null
2025-08-11 08:57:41,523 [WARN] ModelIntegratedComponent:63 - No mode defined for component null
2025-08-11 08:57:41,523 [WARN] ModelPack:524 - Component already loaded: STMicroelectronics:HAL Drivers:0.0.0:STMicroelectronics:Device:STMicro_Driver:XSPI:HAL::0.0.1:HAL_XSPI
2025-08-11 08:57:41,594 [INFO] ThirdPartyModel:298 - Start build external matchings
2025-08-11 08:57:41,817 [INFO] ThirdPartyModel:316 - End build external matchings
2025-08-11 08:57:42,129 [INFO] ApiDb:581 - Connected to CubeFinder SQLite database (C:\Users\sf94983\.stmcufinder\plugins\mcufinder\mcu\cube-finder-db.db)
2025-08-11 08:57:42,218 [INFO] ApiDb:668 - CubeFinder database Data Model version=2.1
2025-08-11 08:57:42,218 [INFO] ApiDb:669 - CubeFinder database Configuration version=3.0.39
2025-08-11 08:57:42,219 [INFO] ApiDb:670 - CubeFinder database generation date=2025-07-24 (1753349077)
2025-08-11 08:57:42,219 [INFO] ApiDb:671 - CubeFinder database FW Pack versions=[FP-ATR-ASTRA1_V2.0.0, FP-SNS-FLIGHT1_V5.1.0, FP-SNS-MOTENV1_V5.0.0, FP-SNS-MOTENVWB1_V1.4.0, FP-SNS-SMARTAG2_V1.2.0, FP-SNS-STBOX1_V2.0.0, STM32Cube_FW_C0_V1.4.0, STM32Cube_FW_F4_V1.28.2, STM32Cube_FW_F7_V1.17.3, STM32Cube_FW_G0_V1.6.2, STM32Cube_FW_G4_V1.6.1, STM32Cube_FW_H5_V1.5.0, STM32Cube_FW_H7RS_V1.2.0, STM32Cube_FW_H7_V1.12.1, STM32Cube_FW_L0_V1.12.2, STM32Cube_FW_L4_V1.18.1, STM32Cube_FW_L5_V1.5.1, STM32Cube_FW_N6_V1.2.0, STM32Cube_FW_U0_V1.3.0, STM32Cube_FW_U3_V1.2.0, STM32Cube_FW_U5_V1.8.0, STM32Cube_FW_WB0_V1.3.0, STM32Cube_FW_WBA_V1.7.0, STM32Cube_FW_WB_V1.23.0, STM32Cube_FW_WL3_V1.2.0, STM32Cube_FW_WL_V1.3.1, X-CUBE-ALGOBUILD_V1.4.0, X-CUBE-ALS_V1.0.2, X-CUBE-AZRTOS-F4_V1.1.0, X-CUBE-AZRTOS-F7_V1.1.0, X-CUBE-AZRTOS-G0_V1.1.0, X-CUBE-AZRTOS-G4_V2.0.0, X-CUBE-AZRTOS-H7RS_V1.1.0, X-CUBE-AZRTOS-H7_V3.4.0, X-CUBE-AZRTOS-L4_V2.0.0, X-CUBE-AZRTOS-L5_V2.0.0, X-CUBE-AZRTOS-WB_V2.0.0, X-CUBE-AZRTOS-WL_V2.0.0, X-CUBE-BLE1_V7.1.0, X-CUBE-BLE2_V3.3.0, X-CUBE-BLEMGR_V4.1.0, X-CUBE-EEPRMA1_V5.2.0, X-CUBE-FREERTOS_V1.3.1, X-CUBE-GNSS1_V6.0.0, X-CUBE-MEMS1_V11.3.0, X-CUBE-NFC4_V3.0.0, X-CUBE-NFC7_V2.0.0, X-CUBE-SFXS2LP1_V4.0.0, X-CUBE-ST67W61_V1.0.0, X-CUBE-SUBG2_V5.0.0, X-CUBE-TOF1_V3.4.3]
2025-08-11 08:57:42,325 [INFO] DbBoardsSqlite:226 - include board P-NUCLEO-WB55-NUCLEO as a kit item of type 'Nucleo-64'
2025-08-11 08:57:42,326 [INFO] DbBoardsSqlite:226 - include board P-NUCLEO-WB55-USBDONGLE as a kit item of type 'Nucleo USB Dongle'
2025-08-11 08:57:42,326 [INFO] DbBoardsSqlite:226 - include board STEVAL-IDP005V1 as a kit item of type 'Evaluation Board'
2025-08-11 08:57:42,328 [INFO] DbBoardsSqlite:226 - include board STEVAL-IDP005V2 as a kit item of type 'Evaluation Board'
2025-08-11 08:57:42,628 [INFO] ApiDb:240 - Found 880 in-development CPN: [B-G473E-ZEST1S, B-WB1M-WPAN1, B-WBA5M-WPAN, B-WL5M-SUBG1, NUCLEO-C031C6, NUCLEO-C051C8, NUCLEO-C071RB, NUCLEO-C092RC, NUCLEO-H503RB, NUCLEO-H533RE, NUCLEO-H563ZI, NUCLEO-H7S3L8, NUCLEO-N657X0-Q, NUCLEO-U031R8, NUCLEO-U083RC, NUCLEO-U385RG-Q, NUCLEO-U545RE-Q, NUCLEO-U5A5ZJ-Q, NUCLEO-WB05KZ, NUCLEO-WB07CC, NUCLEO-WB09KE, NUCLEO-WBA52CG, NUCLEO-WBA55CG, NUCLEO-WL33CC1, NUCLEO-WL33CC2, STEVAL-PROTEUS1, STEVAL-SMARTAG2, STEVAL-STWINBX1, STM320518-EVAL, STM32C0116-DK, STM32C011D6Y3TR, STM32C011D6Y6TR, STM32C011F4P3, STM32C011F4P6, STM32C011F4U3, STM32C011F4U6TR, STM32C011F6P3, STM32C011F6P6, STM32C011F6U3, STM32C011F6U6TR, STM32C011J4M3, STM32C011J4M6, STM32C011J6M3, STM32C011J6M6, STM32C0316-DK, STM32C031C4T3, STM32C031C4T6, STM32C031C4U3, STM32C031C4U6, STM32C031C6T3, STM32C031C6T6, STM32C031C6U3, STM32C031C6U6, STM32C031F4P3, STM32C031F4P6, STM32C031F6P3, STM32C031F6P6, STM32C031G4U3, STM32C031G4U6, STM32C031G6U3, STM32C031G6U6, STM32C031K4T3, STM32C031K4T6, STM32C031K4U3, STM32C031K4U6, STM32C031K6T3, STM32C031K6T6, STM32C031K6U3, STM32C031K6U6, STM32C051C6T6, STM32C051C6U6, STM32C051C8T6, STM32C051C8U6, STM32C051D8Y6TR, STM32C051F6P6, STM32C051F8P6, STM32C051G6U6, STM32C051G8U6, STM32C051K6T6, STM32C051K6U6, STM32C051K8T6, STM32C071C8T6, STM32C071C8T6N, STM32C071C8U6, STM32C071C8U6N, STM32C071CBT6, STM32C071CBT6N, STM32C071CBU6, STM32C071CBU6N, STM32C071F8P6, STM32C071F8P6N, STM32C071FBP6, STM32C071FBP6N, STM32C071FBY6TR, STM32C071G8U6, STM32C071G8U6N, STM32C071GBU6, STM32C071GBU6N, STM32C071K8T6, STM32C071K8T6N, STM32C071K8U6, STM32C071K8U6N, STM32C071KBT6, STM32C071KBT6N, STM32C071KBU6, STM32C071KBU6N, STM32C071R8T6, STM32C071R8T6N, STM32C071RBI6N, STM32C071RBT6, STM32C071RBT6N, STM32C091CBT6, STM32C091CBU6, STM32C091CCT6, STM32C091CCU6, STM32C091ECY6TR, STM32C091FBP6, STM32C091FCP6, STM32C091GBU6, STM32C091GCU6, STM32C091KBT6, STM32C091KBU6, STM32C091KCT6, STM32C091KCU6, STM32C091RBT6, STM32C091RCI6, STM32C091RCT6, STM32C092CBT6, STM32C092CBU6, STM32C092CCT6, STM32C092CCU6, STM32C092ECY6TR, STM32C092FBP6, STM32C092FCP6, STM32C092GBU6, STM32C092GCU6, STM32C092KBT6, STM32C092KBU6, STM32C092KCT6, STM32C092KCU6, STM32C092RBT6, STM32C092RCI6, STM32C092RCT6, STM32G071K8TXN, STM32G071K8UXN, STM32G081GBU6N, STM32G081KBT6N, STM32G081KBUXN, STM32G0B1CCT6N, STM32G0B1KCT6, STM32G0B1NEY6TR, STM32G0B1RCT6N, STM32G0C1CCT6, STM32G0C1CCT6N, STM32G0C1CCU6N, STM32G0C1CET6N, STM32G0C1CEU6N, STM32G0C1KCT6, STM32G0C1NEY6TR, STM32G0C1RCI6N, STM32G0C1RCT6N, STM32G0C1REI6N, STM32G0C1RET6N, STM32G0C1VCI6, STM32G0C1VEI6, STM32G411C6T3, STM32G411C6T6, STM32G411C6U3, STM32G411C6U6, STM32G411C8T3, STM32G411C8T6, STM32G411C8U3, STM32G411C8U6, STM32G411CBT3, STM32G411CBT6, STM32G411CBU3, STM32G411CBU6, STM32G411K6T3, STM32G411K6T6, STM32G411K6U3, STM32G411K6U6, STM32G411K8T3, STM32G411K8T6, STM32G411K8U3, STM32G411K8U6, STM32G411KBT3, STM32G411KBT6, STM32G411KBU3, STM32G411KBU6, STM32G411M6T3, STM32G411M6T6, STM32G411M8T3, STM32G411M8T6, STM32G411MBT3, STM32G411MBT6, STM32G411R6T3, STM32G411R6T6, STM32G411R8T3, STM32G411R8T6, STM32G411RBT3, STM32G411RBT6, STM32G414CBT3, STM32G414CBT6, STM32G414CBU3, STM32G414CBU6, STM32G414CCT3, STM32G414CCT6, STM32G414CCU3, STM32G414CCU6, STM32G414MBT3, STM32G414MBT6, STM32G414MCT3, STM32G414MCT6, STM32G414RBT3, STM32G414RBT6, STM32G414RCT3, STM32G414RCT6, STM32G414VBT3, STM32G414VBT6, STM32G414VCT3, STM32G414VCT6, STM32G431CBT3Z, STM32G431RBT3Z, STM32G471CCT6, STM32G471CCU6, STM32G471CET3, STM32G471CET6, STM32G471CEU3, STM32G471CEU6, STM32G471MCT6, STM32G471MET3, STM32G471MET6, STM32G471MEY6TR, STM32G471QCT6, STM32G471QET3, STM32G471RCT6, STM32G471RET3, STM32G471RET6, STM32G471VCH6, STM32G471VCI6, STM32G471VCT6, STM32G471VEH3, STM32G471VEH6, STM32G471VEI3, STM32G471VEI6, STM32G471VET3, STM32G471VET6, STM32G473QET3Z, STM32G473RET3Z, STM32G474CCT6, STM32G491RET3Z, STM32H503CBT6, STM32H503CBU6, STM32H503EBY6TR, STM32H503KBU6, STM32H503RBT6, STM32H523CCT6, STM32H523CCU6, STM32H523CET6, STM32H523CEU6, STM32H523HEY6TR, STM32H523RCT6, STM32H523RET6, STM32H523VCI6, STM32H523VCT6, STM32H523VEI6, STM32H523VET6, STM32H523ZCJ6, STM32H523ZCT6, STM32H523ZEJ6, STM32H523ZET6, STM32H533CET6, STM32H533CEU6, STM32H533HEY6TR, STM32H533RET6, STM32H533VEI6, STM32H533VET6, STM32H533ZEJ6, STM32H533ZET6, STM32H562AGI6, STM32H562AII6, STM32H562IGK6, STM32H562IGT6, STM32H562IIK6, STM32H562IIT6, STM32H562RGT6, STM32H562RGV6, STM32H562RIT6, STM32H562RIV6, STM32H562VGT6, STM32H562VIT6, STM32H562ZGT6, STM32H562ZIT6, STM32H563AGI6, STM32H563AII3Q, STM32H563AII6, STM32H563IGK6, STM32H563IGT6, STM32H563IIK3Q, STM32H563IIK6, STM32H563IIT3Q, STM32H563IIT6, STM32H563MIY3QTR, STM32H563RGT6, STM32H563RGV6, STM32H563RIT6, STM32H563RIV6, STM32H563VGT6, STM32H563VIT3Q, STM32H563VIT6, STM32H563ZGT6, STM32H563ZIT3Q, STM32H563ZIT6, STM32H573AII3Q, STM32H573AII6, STM32H573I-DK, STM32H573IIK3Q, STM32H573IIK6, STM32H573IIT3Q, STM32H573IIT6, STM32H573MIY3QTR, STM32H573RIT6, STM32H573RIV6, STM32H573VIT3Q, STM32H573VIT6, STM32H573ZIT3Q, STM32H573ZIT6, STM32H7R3A8I6, STM32H7R3I8K6, STM32H7R3I8T6, STM32H7R3L8H6, STM32H7R3L8H6H, STM32H7R3R8V6, STM32H7R3V8H6, STM32H7R3V8T6, STM32H7R3V8Y6TR, STM32H7R3Z8J6, STM32H7R3Z8T6, STM32H7R7A8I6, STM32H7R7I8K6, STM32H7R7I8T6, STM32H7R7L8H6, STM32H7R7L8H6H, STM32H7R7Z8J6, STM32H7S3A8I6, STM32H7S3I8K6, STM32H7S3I8T6, STM32H7S3L8H6, STM32H7S3L8H6H, STM32H7S3R8V6, STM32H7S3V8H6, STM32H7S3V8T6, STM32H7S3V8Y6TR, STM32H7S3Z8J6, STM32H7S3Z8T6, STM32H7S78-DK, STM32H7S7A8I6, STM32H7S7I8K6, STM32H7S7I8T6, STM32H7S7L8H6, STM32H7S7L8H6H, STM32H7S7Z8J6, STM32L4R5QGI6STR, STM32MP131AAE3, STM32MP131AAF3, STM32MP131AAG3, STM32MP131CAE3, STM32MP131CAF3, STM32MP131CAG3, STM32MP131DAE7, STM32MP131DAF7, STM32MP131DAG7, STM32MP131FAE7, STM32MP131FAF7, STM32MP131FAG7, STM32MP133AAE3, STM32MP133AAF3, STM32MP133AAG3, STM32MP133CAE3, STM32MP133CAF3, STM32MP133CAG3, STM32MP133DAE7, STM32MP133DAF7, STM32MP133DAG7, STM32MP133FAE7, STM32MP133FAF7, STM32MP133FAG7, STM32MP135AAE3, STM32MP135AAF3, STM32MP135AAG3, STM32MP135CAE3, STM32MP135CAF3, STM32MP135CAG3, STM32MP135DAE7, STM32MP135DAF7, STM32MP135DAG7, STM32MP135F-DK, STM32MP135FAE7, STM32MP135FAF7, STM32MP135FAF7T, STM32MP135FAF7U, STM32MP135FAG7, STM32MP211AAL3, STM32MP211AAM3, STM32MP211AAN3, STM32MP211AAO3, STM32MP211CAL3, STM32MP211CAM3, STM32MP211CAN3, STM32MP211CAO3, STM32MP211DAL3, STM32MP211DAM3, STM32MP211DAN3, STM32MP211DAO3, STM32MP211FAL3, STM32MP211FAM3, STM32MP211FAN3, STM32MP211FAO3, STM32MP213AAL3, STM32MP213AAM3, STM32MP213AAN3, STM32MP213AAO3, STM32MP213CAL3, STM32MP213CAM3, STM32MP213CAN3, STM32MP213CAO3, STM32MP213DAL3, STM32MP213DAM3, STM32MP213DAN3, STM32MP213DAO3, STM32MP213FAL3, STM32MP213FAM3, STM32MP213FAN3, STM32MP213FAO3, STM32MP215AAL3, STM32MP215AAM3, STM32MP215AAN3, STM32MP215AAO3, STM32MP215CAL3, STM32MP215CAM3, STM32MP215CAN3, STM32MP215CAO3, STM32MP215DAL3, STM32MP215DAM3, STM32MP215DAN3, STM32MP215DAO3, STM32MP215F-DK, STM32MP215FAL3, STM32MP215FAM3, STM32MP215FAN3, STM32MP215FAO3, STM32MP231AAJ3, STM32MP231AAK3, STM32MP231AAL3, STM32MP231CAJ3, STM32MP231CAK3, STM32MP231CAL3, STM32MP231DAJ3, STM32MP231DAK3, STM32MP231DAL3, STM32MP231FAJ3, STM32MP231FAK3, STM32MP231FAL3, STM32MP233AAJ3, STM32MP233AAK3, STM32MP233AAL3, STM32MP233CAJ3, STM32MP233CAK3, STM32MP233CAL3, STM32MP233DAJ3, STM32MP233DAK3, STM32MP233DAL3, STM32MP233FAJ3, STM32MP233FAK3, STM32MP233FAL3, STM32MP235AAJ3, STM32MP235AAK3, STM32MP235AAL3, STM32MP235CAJ3, STM32MP235CAK3, STM32MP235CAL3, STM32MP235DAJ3, STM32MP235DAK3, STM32MP235DAL3, STM32MP235FAJ3, STM32MP235FAK3, STM32MP235FAL3, STM32MP251AAI3, STM32MP251AAK3, STM32MP251AAL3, STM32MP251CAI3, STM32MP251CAK3, STM32MP251CAL3, STM32MP251DAI3, STM32MP251DAK3, STM32MP251DAL3, STM32MP251FAI3, STM32MP251FAK3, STM32MP251FAL3, STM32MP253AAI3, STM32MP253AAK3, STM32MP253AAL3, STM32MP253CAI3, STM32MP253CAK3, STM32MP253CAL3, STM32MP253DAI3, STM32MP253DAK3, STM32MP253DAL3, STM32MP253FAI3, STM32MP253FAK3, STM32MP253FAL3, STM32MP255AAI3, STM32MP255AAK3, STM32MP255AAL3, STM32MP255CAI3, STM32MP255CAK3, STM32MP255CAL3, STM32MP255DAI3, STM32MP255DAK3, STM32MP255DAL3, STM32MP255FAI3, STM32MP255FAK3, STM32MP255FAL3, STM32MP257AAI3, STM32MP257AAK3, STM32MP257AAL3, STM32MP257CAI3, STM32MP257CAK3, STM32MP257CAL3, STM32MP257DAI3, STM32MP257DAK3, STM32MP257DAL3, STM32MP257F-DK, STM32MP257F-EV1, STM32MP257FAI3, STM32MP257FAK3, STM32MP257FAL3, STM32N645A0H3Q, STM32N645B0H3Q, STM32N645I0H3Q, STM32N645L0H3Q, STM32N645X0H3Q, STM32N645Z0H3Q, STM32N647A0H3Q, STM32N647B0H3Q, STM32N647I0H3Q, STM32N647L0H3Q, STM32N647X0H3Q, STM32N647Z0H3Q, STM32N655A0H3Q, STM32N655B0H3Q, STM32N655I0H3Q, STM32N655L0H3Q, STM32N655X0H3Q, STM32N655Z0H3Q, STM32N6570-DK, STM32N657A0H3Q, STM32N657B0H3Q, STM32N657I0H3Q, STM32N657L0H3Q, STM32N657X0H3Q, STM32N657Z0H3Q, STM32U031C6T6, STM32U031C6U6, STM32U031C8T6, STM32U031C8U6, STM32U031F4P6, STM32U031F6P6, STM32U031F8P6, STM32U031G6Y6TR, STM32U031G8Y6TR, STM32U031K4U6, STM32U031K6U6, STM32U031K8U6, STM32U031R6I6, STM32U031R6T6, STM32U031R8I6, STM32U031R8T6, STM32U073C8T6, STM32U073C8U6, STM32U073CBT6, STM32U073CBU6, STM32U073CCT6, STM32U073CCU6, STM32U073H8Y6TR, STM32U073HBY6TR, STM32U073HCY6TR, STM32U073K8U6, STM32U073KBU6, STM32U073KCU6, STM32U073M8I6, STM32U073M8T6, STM32U073MBI6, STM32U073MBT6, STM32U073MCI6, STM32U073MCT6, STM32U073R8I6, STM32U073R8T6, STM32U073RBI6, STM32U073RBT6, STM32U073RCI6, STM32U073RCT6, STM32U083C-DK, STM32U083CCT6, STM32U083CCU6, STM32U083HCY6TR, STM32U083KCU6, STM32U083MCI6, STM32U083MCT6, STM32U083RCI6, STM32U083RCT6, STM32U375CET6, STM32U375CET6Q, STM32U375CEU6, STM32U375CEU6Q, STM32U375CEY6QTR, STM32U375CGT6, STM32U375CGT6Q, STM32U375CGU6, STM32U375CGU6Q, STM32U375CGY6QTR, STM32U375KEU6, STM32U375KGU6, STM32U375REI6, STM32U375REI6Q, STM32U375RET6, STM32U375RET6Q, STM32U375REY6GTR, STM32U375REY6QTR, STM32U375RGI6, STM32U375RGI6Q, STM32U375RGT6, STM32U375RGT6Q, STM32U375RGY6GTR, STM32U375RGY6QTR, STM32U375VEI6, STM32U375VEI6Q, STM32U375VET6, STM32U375VET6Q, STM32U375VGI6, STM32U375VGI6Q, STM32U375VGT6, STM32U375VGT6Q, STM32U385CGT6, STM32U385CGT6Q, STM32U385CGU6, STM32U385CGU6Q, STM32U385CGY6QTR, STM32U385KGU6, STM32U385RGI6, STM32U385RGI6Q, STM32U385RGT6, STM32U385RGT6Q, STM32U385RGY6GTR, STM32U385RGY6QTR, STM32U385VGI6, STM32U385VGI6Q, STM32U385VGT6, STM32U385VGT6Q, STM32U535CBT6, STM32U535CBT6Q, STM32U535CBU6, STM32U535CBU6Q, STM32U535CCT6, STM32U535CCT6Q, STM32U535CCU6, STM32U535CCU6Q, STM32U535CET6, STM32U535CET6Q, STM32U535CEU6, STM32U535CEU6Q, STM32U535JEY6QTR, STM32U535NCY6QTR, STM32U535NEY6QTR, STM32U535RBI6, STM32U535RBI6Q, STM32U535RBT6, STM32U535RBT6Q, STM32U535RCI6, STM32U535RCI6Q, STM32U535RCT6, STM32U535RCT6Q, STM32U535REI6, STM32U535REI6Q, STM32U535RET6, STM32U535RET6Q, STM32U535VCI6, STM32U535VCI6Q, STM32U535VCT6, STM32U535VCT6Q, STM32U535VEI6, STM32U535VEI6Q, STM32U535VET6, STM32U535VET6Q, STM32U545CET6, STM32U545CET6Q, STM32U545CEU6, STM32U545CEU6Q, STM32U545JEY6QTR, STM32U545NEY6QTR, STM32U545REI6, STM32U545REI6Q, STM32U545RET6, STM32U545RET6Q, STM32U545VEI6, STM32U545VEI6Q, STM32U545VET6, STM32U545VET6Q, STM32U595AIH6, STM32U595AIH6Q, STM32U595AJH6, STM32U595AJH6Q, STM32U595QII6, STM32U595QII6Q, STM32U595QJI6, STM32U595QJI6Q, STM32U595RIT6, STM32U595RIT6Q, STM32U595RJT6, STM32U595RJT6Q, STM32U595VIT6, STM32U595VIT6Q, STM32U595VJT6, STM32U595VJT6Q, STM32U595ZIT6, STM32U595ZIT6Q, STM32U595ZIY6QTR, STM32U595ZJT6, STM32U595ZJT6Q, STM32U595ZJY6QTR, STM32U599BJY6QTR, STM32U599NIH6Q, STM32U599NJH6Q, STM32U599VIT6Q, STM32U599VJT6, STM32U599VJT6Q, STM32U599ZIT6Q, STM32U599ZIY6QTR, STM32U599ZJT6Q, STM32U599ZJY6QTR, STM32U5A5AJH6, STM32U5A5AJH6Q, STM32U5A5QII3Q , STM32U5A5QJI6, STM32U5A5QJI6Q, STM32U5A5RJT6, STM32U5A5RJT6Q, STM32U5A5VJT6, STM32U5A5VJT6Q, STM32U5A5ZJT6, STM32U5A5ZJT6Q, STM32U5A5ZJY6QTR, STM32U5A9BJY6QTR, STM32U5A9J-DK, STM32U5A9NJH6Q, STM32U5A9VJT6Q, STM32U5A9ZJT6Q, STM32U5A9ZJY6QTR, STM32U5F7VIT6, STM32U5F7VIT6Q, STM32U5F7VJT6, STM32U5F7VJT6Q, STM32U5F9BJY6QTR, STM32U5F9NJH6Q, STM32U5F9VIT6Q, STM32U5F9VJT6Q, STM32U5F9ZIJ6QTR, STM32U5F9ZIT6Q, STM32U5F9ZJJ6QTR, STM32U5F9ZJT6Q, STM32U5G7VJT6, STM32U5G7VJT6Q, STM32U5G9BJY6QTR, STM32U5G9J-DK1, STM32U5G9J-DK2, STM32U5G9NJH6Q, STM32U5G9VJT6Q, STM32U5G9ZJJ6QTR, STM32U5G9ZJT6Q, STM32WB05KZV6TR, STM32WB05KZV7TR, STM32WB05TZF6TR, STM32WB05TZF7TR, STM32WB06CCF6TR, STM32WB06CCF7TR, STM32WB06CCV6TR, STM32WB06CCV7TR, STM32WB06KCV6TR, STM32WB06KCV7TR, STM32WB07CCF6TR, STM32WB07CCF7TR, STM32WB07CCV6TR, STM32WB07CCV7TR, STM32WB07KCV6TR, STM32WB07KCV7TR, STM32WB09KEV6TR, STM32WB09KEV7TR, STM32WB09TEF6TR, STM32WB09TEF7TR, STM32WB1MMCH6, STM32WBA50KGU6, STM32WBA50KGU6TR, STM32WBA52CEU6, STM32WBA52CEU6TR, STM32WBA52CEU7, STM32WBA52CEU7TR, STM32WBA52CGU6, STM32WBA52CGU6TR, STM32WBA52CGU6U, STM32WBA52CGU7, STM32WBA52CGU7TR, STM32WBA52KEU6, STM32WBA52KEU6TR, STM32WBA52KGU6, STM32WBA52KGU6TR, STM32WBA54CEU6, STM32WBA54CEU6TR, STM32WBA54CEU7, STM32WBA54CEU7TR, STM32WBA54CGU6, STM32WBA54CGU6TR, STM32WBA54CGU7, STM32WBA54CGU7TR, STM32WBA54KEU6, STM32WBA54KEU6TR, STM32WBA54KEU7, STM32WBA54KEU7TR, STM32WBA54KGU6, STM32WBA54KGU6TR, STM32WBA54KGU7, STM32WBA54KGU7TR, STM32WBA55CEU6, STM32WBA55CEU6TR, STM32WBA55CEU7, STM32WBA55CEU7TR, STM32WBA55CGU6, STM32WBA55CGU6TR, STM32WBA55CGU6U, STM32WBA55CGU7, STM32WBA55CGU7TR, STM32WBA55G-DK1, STM32WBA55HEF6, STM32WBA55HEF7, STM32WBA55HGF6, STM32WBA55HGF7, STM32WBA55UEI6, STM32WBA55UEI6TR, STM32WBA55UEI7, STM32WBA55UEI7TR, STM32WBA55UGI6, STM32WBA55UGI6TR, STM32WBA55UGI7, STM32WBA55UGI7TR, STM32WBA5MMGH6TR, STM32WBA62MGF6, STM32WBA62MIF6, STM32WBA65MGF7, STM32WBA65MIF6, STM32WBA65MIF7, STM32WL30K8V6, STM32WL30KBV6, STM32WL31C8V6, STM32WL31CBV6, STM32WL31K8V6, STM32WL31KBV6, STM32WL33C8V6, STM32WL33C8V6X, STM32WL33CBV6, STM32WL33CBV6X, STM32WL33CCV6, STM32WL33CCV6A, STM32WL33CCV6X, STM32WL33K8V7, STM32WL33K8V7X, STM32WL33KBV7 , STM32WL33KBV7X, STM32WL33KCV7, STM32WL33KCV7X, STM32WL5MOCH6, STM32WL5MOCH6TR]
2025-08-11 08:57:42,837 [INFO] BoardInfo:889 - No configuration file found for board P-NUCLEO-WB55
2025-08-11 08:57:42,838 [INFO] DbBoards:161 - Kit is not supported: P-NUCLEO-WB55
2025-08-11 08:57:42,844 [INFO] BoardInfo:889 - No configuration file found for board STEVAL-BFA001V1B
2025-08-11 08:57:42,845 [INFO] DbBoards:161 - Kit is not supported: STEVAL-BFA001V1B
2025-08-11 08:57:42,846 [INFO] BoardInfo:889 - No configuration file found for board STEVAL-BFA001V2B
2025-08-11 08:57:42,847 [INFO] DbBoards:161 - Kit is not supported: STEVAL-BFA001V2B
2025-08-11 08:57:43,042 [INFO] DbBoards:168 - Found 212 boards, 209 are supported
2025-08-11 08:57:43,043 [INFO] DbBoards:169 - Found 212 boards, 43 of them is supported for  Bsp
2025-08-11 08:57:43,046 [INFO] ApiDb:668 - CubeFinder database Data Model version=2.1
2025-08-11 08:57:43,046 [INFO] ApiDb:669 - CubeFinder database Configuration version=3.0.39
2025-08-11 08:57:43,046 [INFO] ApiDb:670 - CubeFinder database generation date=2025-07-24 (1753349077)
2025-08-11 08:57:43,046 [INFO] ApiDb:671 - CubeFinder database FW Pack versions=[FP-ATR-ASTRA1_V2.0.0, FP-SNS-FLIGHT1_V5.1.0, FP-SNS-MOTENV1_V5.0.0, FP-SNS-MOTENVWB1_V1.4.0, FP-SNS-SMARTAG2_V1.2.0, FP-SNS-STBOX1_V2.0.0, STM32Cube_FW_C0_V1.4.0, STM32Cube_FW_F4_V1.28.2, STM32Cube_FW_F7_V1.17.3, STM32Cube_FW_G0_V1.6.2, STM32Cube_FW_G4_V1.6.1, STM32Cube_FW_H5_V1.5.0, STM32Cube_FW_H7RS_V1.2.0, STM32Cube_FW_H7_V1.12.1, STM32Cube_FW_L0_V1.12.2, STM32Cube_FW_L4_V1.18.1, STM32Cube_FW_L5_V1.5.1, STM32Cube_FW_N6_V1.2.0, STM32Cube_FW_U0_V1.3.0, STM32Cube_FW_U3_V1.2.0, STM32Cube_FW_U5_V1.8.0, STM32Cube_FW_WB0_V1.3.0, STM32Cube_FW_WBA_V1.7.0, STM32Cube_FW_WB_V1.23.0, STM32Cube_FW_WL3_V1.2.0, STM32Cube_FW_WL_V1.3.1, X-CUBE-ALGOBUILD_V1.4.0, X-CUBE-ALS_V1.0.2, X-CUBE-AZRTOS-F4_V1.1.0, X-CUBE-AZRTOS-F7_V1.1.0, X-CUBE-AZRTOS-G0_V1.1.0, X-CUBE-AZRTOS-G4_V2.0.0, X-CUBE-AZRTOS-H7RS_V1.1.0, X-CUBE-AZRTOS-H7_V3.4.0, X-CUBE-AZRTOS-L4_V2.0.0, X-CUBE-AZRTOS-L5_V2.0.0, X-CUBE-AZRTOS-WB_V2.0.0, X-CUBE-AZRTOS-WL_V2.0.0, X-CUBE-BLE1_V7.1.0, X-CUBE-BLE2_V3.3.0, X-CUBE-BLEMGR_V4.1.0, X-CUBE-EEPRMA1_V5.2.0, X-CUBE-FREERTOS_V1.3.1, X-CUBE-GNSS1_V6.0.0, X-CUBE-MEMS1_V11.3.0, X-CUBE-NFC4_V3.0.0, X-CUBE-NFC7_V2.0.0, X-CUBE-SFXS2LP1_V4.0.0, X-CUBE-ST67W61_V1.0.0, X-CUBE-SUBG2_V5.0.0, X-CUBE-TOF1_V3.4.3]
2025-08-11 08:57:44,654 [INFO] ApiDb:240 - Found 880 in-development CPN: [B-G473E-ZEST1S, B-WB1M-WPAN1, B-WBA5M-WPAN, B-WL5M-SUBG1, NUCLEO-C031C6, NUCLEO-C051C8, NUCLEO-C071RB, NUCLEO-C092RC, NUCLEO-H503RB, NUCLEO-H533RE, NUCLEO-H563ZI, NUCLEO-H7S3L8, NUCLEO-N657X0-Q, NUCLEO-U031R8, NUCLEO-U083RC, NUCLEO-U385RG-Q, NUCLEO-U545RE-Q, NUCLEO-U5A5ZJ-Q, NUCLEO-WB05KZ, NUCLEO-WB07CC, NUCLEO-WB09KE, NUCLEO-WBA52CG, NUCLEO-WBA55CG, NUCLEO-WL33CC1, NUCLEO-WL33CC2, STEVAL-PROTEUS1, STEVAL-SMARTAG2, STEVAL-STWINBX1, STM320518-EVAL, STM32C0116-DK, STM32C011D6Y3TR, STM32C011D6Y6TR, STM32C011F4P3, STM32C011F4P6, STM32C011F4U3, STM32C011F4U6TR, STM32C011F6P3, STM32C011F6P6, STM32C011F6U3, STM32C011F6U6TR, STM32C011J4M3, STM32C011J4M6, STM32C011J6M3, STM32C011J6M6, STM32C0316-DK, STM32C031C4T3, STM32C031C4T6, STM32C031C4U3, STM32C031C4U6, STM32C031C6T3, STM32C031C6T6, STM32C031C6U3, STM32C031C6U6, STM32C031F4P3, STM32C031F4P6, STM32C031F6P3, STM32C031F6P6, STM32C031G4U3, STM32C031G4U6, STM32C031G6U3, STM32C031G6U6, STM32C031K4T3, STM32C031K4T6, STM32C031K4U3, STM32C031K4U6, STM32C031K6T3, STM32C031K6T6, STM32C031K6U3, STM32C031K6U6, STM32C051C6T6, STM32C051C6U6, STM32C051C8T6, STM32C051C8U6, STM32C051D8Y6TR, STM32C051F6P6, STM32C051F8P6, STM32C051G6U6, STM32C051G8U6, STM32C051K6T6, STM32C051K6U6, STM32C051K8T6, STM32C071C8T6, STM32C071C8T6N, STM32C071C8U6, STM32C071C8U6N, STM32C071CBT6, STM32C071CBT6N, STM32C071CBU6, STM32C071CBU6N, STM32C071F8P6, STM32C071F8P6N, STM32C071FBP6, STM32C071FBP6N, STM32C071FBY6TR, STM32C071G8U6, STM32C071G8U6N, STM32C071GBU6, STM32C071GBU6N, STM32C071K8T6, STM32C071K8T6N, STM32C071K8U6, STM32C071K8U6N, STM32C071KBT6, STM32C071KBT6N, STM32C071KBU6, STM32C071KBU6N, STM32C071R8T6, STM32C071R8T6N, STM32C071RBI6N, STM32C071RBT6, STM32C071RBT6N, STM32C091CBT6, STM32C091CBU6, STM32C091CCT6, STM32C091CCU6, STM32C091ECY6TR, STM32C091FBP6, STM32C091FCP6, STM32C091GBU6, STM32C091GCU6, STM32C091KBT6, STM32C091KBU6, STM32C091KCT6, STM32C091KCU6, STM32C091RBT6, STM32C091RCI6, STM32C091RCT6, STM32C092CBT6, STM32C092CBU6, STM32C092CCT6, STM32C092CCU6, STM32C092ECY6TR, STM32C092FBP6, STM32C092FCP6, STM32C092GBU6, STM32C092GCU6, STM32C092KBT6, STM32C092KBU6, STM32C092KCT6, STM32C092KCU6, STM32C092RBT6, STM32C092RCI6, STM32C092RCT6, STM32G071K8TXN, STM32G071K8UXN, STM32G081GBU6N, STM32G081KBT6N, STM32G081KBUXN, STM32G0B1CCT6N, STM32G0B1KCT6, STM32G0B1NEY6TR, STM32G0B1RCT6N, STM32G0C1CCT6, STM32G0C1CCT6N, STM32G0C1CCU6N, STM32G0C1CET6N, STM32G0C1CEU6N, STM32G0C1KCT6, STM32G0C1NEY6TR, STM32G0C1RCI6N, STM32G0C1RCT6N, STM32G0C1REI6N, STM32G0C1RET6N, STM32G0C1VCI6, STM32G0C1VEI6, STM32G411C6T3, STM32G411C6T6, STM32G411C6U3, STM32G411C6U6, STM32G411C8T3, STM32G411C8T6, STM32G411C8U3, STM32G411C8U6, STM32G411CBT3, STM32G411CBT6, STM32G411CBU3, STM32G411CBU6, STM32G411K6T3, STM32G411K6T6, STM32G411K6U3, STM32G411K6U6, STM32G411K8T3, STM32G411K8T6, STM32G411K8U3, STM32G411K8U6, STM32G411KBT3, STM32G411KBT6, STM32G411KBU3, STM32G411KBU6, STM32G411M6T3, STM32G411M6T6, STM32G411M8T3, STM32G411M8T6, STM32G411MBT3, STM32G411MBT6, STM32G411R6T3, STM32G411R6T6, STM32G411R8T3, STM32G411R8T6, STM32G411RBT3, STM32G411RBT6, STM32G414CBT3, STM32G414CBT6, STM32G414CBU3, STM32G414CBU6, STM32G414CCT3, STM32G414CCT6, STM32G414CCU3, STM32G414CCU6, STM32G414MBT3, STM32G414MBT6, STM32G414MCT3, STM32G414MCT6, STM32G414RBT3, STM32G414RBT6, STM32G414RCT3, STM32G414RCT6, STM32G414VBT3, STM32G414VBT6, STM32G414VCT3, STM32G414VCT6, STM32G431CBT3Z, STM32G431RBT3Z, STM32G471CCT6, STM32G471CCU6, STM32G471CET3, STM32G471CET6, STM32G471CEU3, STM32G471CEU6, STM32G471MCT6, STM32G471MET3, STM32G471MET6, STM32G471MEY6TR, STM32G471QCT6, STM32G471QET3, STM32G471RCT6, STM32G471RET3, STM32G471RET6, STM32G471VCH6, STM32G471VCI6, STM32G471VCT6, STM32G471VEH3, STM32G471VEH6, STM32G471VEI3, STM32G471VEI6, STM32G471VET3, STM32G471VET6, STM32G473QET3Z, STM32G473RET3Z, STM32G474CCT6, STM32G491RET3Z, STM32H503CBT6, STM32H503CBU6, STM32H503EBY6TR, STM32H503KBU6, STM32H503RBT6, STM32H523CCT6, STM32H523CCU6, STM32H523CET6, STM32H523CEU6, STM32H523HEY6TR, STM32H523RCT6, STM32H523RET6, STM32H523VCI6, STM32H523VCT6, STM32H523VEI6, STM32H523VET6, STM32H523ZCJ6, STM32H523ZCT6, STM32H523ZEJ6, STM32H523ZET6, STM32H533CET6, STM32H533CEU6, STM32H533HEY6TR, STM32H533RET6, STM32H533VEI6, STM32H533VET6, STM32H533ZEJ6, STM32H533ZET6, STM32H562AGI6, STM32H562AII6, STM32H562IGK6, STM32H562IGT6, STM32H562IIK6, STM32H562IIT6, STM32H562RGT6, STM32H562RGV6, STM32H562RIT6, STM32H562RIV6, STM32H562VGT6, STM32H562VIT6, STM32H562ZGT6, STM32H562ZIT6, STM32H563AGI6, STM32H563AII3Q, STM32H563AII6, STM32H563IGK6, STM32H563IGT6, STM32H563IIK3Q, STM32H563IIK6, STM32H563IIT3Q, STM32H563IIT6, STM32H563MIY3QTR, STM32H563RGT6, STM32H563RGV6, STM32H563RIT6, STM32H563RIV6, STM32H563VGT6, STM32H563VIT3Q, STM32H563VIT6, STM32H563ZGT6, STM32H563ZIT3Q, STM32H563ZIT6, STM32H573AII3Q, STM32H573AII6, STM32H573I-DK, STM32H573IIK3Q, STM32H573IIK6, STM32H573IIT3Q, STM32H573IIT6, STM32H573MIY3QTR, STM32H573RIT6, STM32H573RIV6, STM32H573VIT3Q, STM32H573VIT6, STM32H573ZIT3Q, STM32H573ZIT6, STM32H7R3A8I6, STM32H7R3I8K6, STM32H7R3I8T6, STM32H7R3L8H6, STM32H7R3L8H6H, STM32H7R3R8V6, STM32H7R3V8H6, STM32H7R3V8T6, STM32H7R3V8Y6TR, STM32H7R3Z8J6, STM32H7R3Z8T6, STM32H7R7A8I6, STM32H7R7I8K6, STM32H7R7I8T6, STM32H7R7L8H6, STM32H7R7L8H6H, STM32H7R7Z8J6, STM32H7S3A8I6, STM32H7S3I8K6, STM32H7S3I8T6, STM32H7S3L8H6, STM32H7S3L8H6H, STM32H7S3R8V6, STM32H7S3V8H6, STM32H7S3V8T6, STM32H7S3V8Y6TR, STM32H7S3Z8J6, STM32H7S3Z8T6, STM32H7S78-DK, STM32H7S7A8I6, STM32H7S7I8K6, STM32H7S7I8T6, STM32H7S7L8H6, STM32H7S7L8H6H, STM32H7S7Z8J6, STM32L4R5QGI6STR, STM32MP131AAE3, STM32MP131AAF3, STM32MP131AAG3, STM32MP131CAE3, STM32MP131CAF3, STM32MP131CAG3, STM32MP131DAE7, STM32MP131DAF7, STM32MP131DAG7, STM32MP131FAE7, STM32MP131FAF7, STM32MP131FAG7, STM32MP133AAE3, STM32MP133AAF3, STM32MP133AAG3, STM32MP133CAE3, STM32MP133CAF3, STM32MP133CAG3, STM32MP133DAE7, STM32MP133DAF7, STM32MP133DAG7, STM32MP133FAE7, STM32MP133FAF7, STM32MP133FAG7, STM32MP135AAE3, STM32MP135AAF3, STM32MP135AAG3, STM32MP135CAE3, STM32MP135CAF3, STM32MP135CAG3, STM32MP135DAE7, STM32MP135DAF7, STM32MP135DAG7, STM32MP135F-DK, STM32MP135FAE7, STM32MP135FAF7, STM32MP135FAF7T, STM32MP135FAF7U, STM32MP135FAG7, STM32MP211AAL3, STM32MP211AAM3, STM32MP211AAN3, STM32MP211AAO3, STM32MP211CAL3, STM32MP211CAM3, STM32MP211CAN3, STM32MP211CAO3, STM32MP211DAL3, STM32MP211DAM3, STM32MP211DAN3, STM32MP211DAO3, STM32MP211FAL3, STM32MP211FAM3, STM32MP211FAN3, STM32MP211FAO3, STM32MP213AAL3, STM32MP213AAM3, STM32MP213AAN3, STM32MP213AAO3, STM32MP213CAL3, STM32MP213CAM3, STM32MP213CAN3, STM32MP213CAO3, STM32MP213DAL3, STM32MP213DAM3, STM32MP213DAN3, STM32MP213DAO3, STM32MP213FAL3, STM32MP213FAM3, STM32MP213FAN3, STM32MP213FAO3, STM32MP215AAL3, STM32MP215AAM3, STM32MP215AAN3, STM32MP215AAO3, STM32MP215CAL3, STM32MP215CAM3, STM32MP215CAN3, STM32MP215CAO3, STM32MP215DAL3, STM32MP215DAM3, STM32MP215DAN3, STM32MP215DAO3, STM32MP215F-DK, STM32MP215FAL3, STM32MP215FAM3, STM32MP215FAN3, STM32MP215FAO3, STM32MP231AAJ3, STM32MP231AAK3, STM32MP231AAL3, STM32MP231CAJ3, STM32MP231CAK3, STM32MP231CAL3, STM32MP231DAJ3, STM32MP231DAK3, STM32MP231DAL3, STM32MP231FAJ3, STM32MP231FAK3, STM32MP231FAL3, STM32MP233AAJ3, STM32MP233AAK3, STM32MP233AAL3, STM32MP233CAJ3, STM32MP233CAK3, STM32MP233CAL3, STM32MP233DAJ3, STM32MP233DAK3, STM32MP233DAL3, STM32MP233FAJ3, STM32MP233FAK3, STM32MP233FAL3, STM32MP235AAJ3, STM32MP235AAK3, STM32MP235AAL3, STM32MP235CAJ3, STM32MP235CAK3, STM32MP235CAL3, STM32MP235DAJ3, STM32MP235DAK3, STM32MP235DAL3, STM32MP235FAJ3, STM32MP235FAK3, STM32MP235FAL3, STM32MP251AAI3, STM32MP251AAK3, STM32MP251AAL3, STM32MP251CAI3, STM32MP251CAK3, STM32MP251CAL3, STM32MP251DAI3, STM32MP251DAK3, STM32MP251DAL3, STM32MP251FAI3, STM32MP251FAK3, STM32MP251FAL3, STM32MP253AAI3, STM32MP253AAK3, STM32MP253AAL3, STM32MP253CAI3, STM32MP253CAK3, STM32MP253CAL3, STM32MP253DAI3, STM32MP253DAK3, STM32MP253DAL3, STM32MP253FAI3, STM32MP253FAK3, STM32MP253FAL3, STM32MP255AAI3, STM32MP255AAK3, STM32MP255AAL3, STM32MP255CAI3, STM32MP255CAK3, STM32MP255CAL3, STM32MP255DAI3, STM32MP255DAK3, STM32MP255DAL3, STM32MP255FAI3, STM32MP255FAK3, STM32MP255FAL3, STM32MP257AAI3, STM32MP257AAK3, STM32MP257AAL3, STM32MP257CAI3, STM32MP257CAK3, STM32MP257CAL3, STM32MP257DAI3, STM32MP257DAK3, STM32MP257DAL3, STM32MP257F-DK, STM32MP257F-EV1, STM32MP257FAI3, STM32MP257FAK3, STM32MP257FAL3, STM32N645A0H3Q, STM32N645B0H3Q, STM32N645I0H3Q, STM32N645L0H3Q, STM32N645X0H3Q, STM32N645Z0H3Q, STM32N647A0H3Q, STM32N647B0H3Q, STM32N647I0H3Q, STM32N647L0H3Q, STM32N647X0H3Q, STM32N647Z0H3Q, STM32N655A0H3Q, STM32N655B0H3Q, STM32N655I0H3Q, STM32N655L0H3Q, STM32N655X0H3Q, STM32N655Z0H3Q, STM32N6570-DK, STM32N657A0H3Q, STM32N657B0H3Q, STM32N657I0H3Q, STM32N657L0H3Q, STM32N657X0H3Q, STM32N657Z0H3Q, STM32U031C6T6, STM32U031C6U6, STM32U031C8T6, STM32U031C8U6, STM32U031F4P6, STM32U031F6P6, STM32U031F8P6, STM32U031G6Y6TR, STM32U031G8Y6TR, STM32U031K4U6, STM32U031K6U6, STM32U031K8U6, STM32U031R6I6, STM32U031R6T6, STM32U031R8I6, STM32U031R8T6, STM32U073C8T6, STM32U073C8U6, STM32U073CBT6, STM32U073CBU6, STM32U073CCT6, STM32U073CCU6, STM32U073H8Y6TR, STM32U073HBY6TR, STM32U073HCY6TR, STM32U073K8U6, STM32U073KBU6, STM32U073KCU6, STM32U073M8I6, STM32U073M8T6, STM32U073MBI6, STM32U073MBT6, STM32U073MCI6, STM32U073MCT6, STM32U073R8I6, STM32U073R8T6, STM32U073RBI6, STM32U073RBT6, STM32U073RCI6, STM32U073RCT6, STM32U083C-DK, STM32U083CCT6, STM32U083CCU6, STM32U083HCY6TR, STM32U083KCU6, STM32U083MCI6, STM32U083MCT6, STM32U083RCI6, STM32U083RCT6, STM32U375CET6, STM32U375CET6Q, STM32U375CEU6, STM32U375CEU6Q, STM32U375CEY6QTR, STM32U375CGT6, STM32U375CGT6Q, STM32U375CGU6, STM32U375CGU6Q, STM32U375CGY6QTR, STM32U375KEU6, STM32U375KGU6, STM32U375REI6, STM32U375REI6Q, STM32U375RET6, STM32U375RET6Q, STM32U375REY6GTR, STM32U375REY6QTR, STM32U375RGI6, STM32U375RGI6Q, STM32U375RGT6, STM32U375RGT6Q, STM32U375RGY6GTR, STM32U375RGY6QTR, STM32U375VEI6, STM32U375VEI6Q, STM32U375VET6, STM32U375VET6Q, STM32U375VGI6, STM32U375VGI6Q, STM32U375VGT6, STM32U375VGT6Q, STM32U385CGT6, STM32U385CGT6Q, STM32U385CGU6, STM32U385CGU6Q, STM32U385CGY6QTR, STM32U385KGU6, STM32U385RGI6, STM32U385RGI6Q, STM32U385RGT6, STM32U385RGT6Q, STM32U385RGY6GTR, STM32U385RGY6QTR, STM32U385VGI6, STM32U385VGI6Q, STM32U385VGT6, STM32U385VGT6Q, STM32U535CBT6, STM32U535CBT6Q, STM32U535CBU6, STM32U535CBU6Q, STM32U535CCT6, STM32U535CCT6Q, STM32U535CCU6, STM32U535CCU6Q, STM32U535CET6, STM32U535CET6Q, STM32U535CEU6, STM32U535CEU6Q, STM32U535JEY6QTR, STM32U535NCY6QTR, STM32U535NEY6QTR, STM32U535RBI6, STM32U535RBI6Q, STM32U535RBT6, STM32U535RBT6Q, STM32U535RCI6, STM32U535RCI6Q, STM32U535RCT6, STM32U535RCT6Q, STM32U535REI6, STM32U535REI6Q, STM32U535RET6, STM32U535RET6Q, STM32U535VCI6, STM32U535VCI6Q, STM32U535VCT6, STM32U535VCT6Q, STM32U535VEI6, STM32U535VEI6Q, STM32U535VET6, STM32U535VET6Q, STM32U545CET6, STM32U545CET6Q, STM32U545CEU6, STM32U545CEU6Q, STM32U545JEY6QTR, STM32U545NEY6QTR, STM32U545REI6, STM32U545REI6Q, STM32U545RET6, STM32U545RET6Q, STM32U545VEI6, STM32U545VEI6Q, STM32U545VET6, STM32U545VET6Q, STM32U595AIH6, STM32U595AIH6Q, STM32U595AJH6, STM32U595AJH6Q, STM32U595QII6, STM32U595QII6Q, STM32U595QJI6, STM32U595QJI6Q, STM32U595RIT6, STM32U595RIT6Q, STM32U595RJT6, STM32U595RJT6Q, STM32U595VIT6, STM32U595VIT6Q, STM32U595VJT6, STM32U595VJT6Q, STM32U595ZIT6, STM32U595ZIT6Q, STM32U595ZIY6QTR, STM32U595ZJT6, STM32U595ZJT6Q, STM32U595ZJY6QTR, STM32U599BJY6QTR, STM32U599NIH6Q, STM32U599NJH6Q, STM32U599VIT6Q, STM32U599VJT6, STM32U599VJT6Q, STM32U599ZIT6Q, STM32U599ZIY6QTR, STM32U599ZJT6Q, STM32U599ZJY6QTR, STM32U5A5AJH6, STM32U5A5AJH6Q, STM32U5A5QII3Q , STM32U5A5QJI6, STM32U5A5QJI6Q, STM32U5A5RJT6, STM32U5A5RJT6Q, STM32U5A5VJT6, STM32U5A5VJT6Q, STM32U5A5ZJT6, STM32U5A5ZJT6Q, STM32U5A5ZJY6QTR, STM32U5A9BJY6QTR, STM32U5A9J-DK, STM32U5A9NJH6Q, STM32U5A9VJT6Q, STM32U5A9ZJT6Q, STM32U5A9ZJY6QTR, STM32U5F7VIT6, STM32U5F7VIT6Q, STM32U5F7VJT6, STM32U5F7VJT6Q, STM32U5F9BJY6QTR, STM32U5F9NJH6Q, STM32U5F9VIT6Q, STM32U5F9VJT6Q, STM32U5F9ZIJ6QTR, STM32U5F9ZIT6Q, STM32U5F9ZJJ6QTR, STM32U5F9ZJT6Q, STM32U5G7VJT6, STM32U5G7VJT6Q, STM32U5G9BJY6QTR, STM32U5G9J-DK1, STM32U5G9J-DK2, STM32U5G9NJH6Q, STM32U5G9VJT6Q, STM32U5G9ZJJ6QTR, STM32U5G9ZJT6Q, STM32WB05KZV6TR, STM32WB05KZV7TR, STM32WB05TZF6TR, STM32WB05TZF7TR, STM32WB06CCF6TR, STM32WB06CCF7TR, STM32WB06CCV6TR, STM32WB06CCV7TR, STM32WB06KCV6TR, STM32WB06KCV7TR, STM32WB07CCF6TR, STM32WB07CCF7TR, STM32WB07CCV6TR, STM32WB07CCV7TR, STM32WB07KCV6TR, STM32WB07KCV7TR, STM32WB09KEV6TR, STM32WB09KEV7TR, STM32WB09TEF6TR, STM32WB09TEF7TR, STM32WB1MMCH6, STM32WBA50KGU6, STM32WBA50KGU6TR, STM32WBA52CEU6, STM32WBA52CEU6TR, STM32WBA52CEU7, STM32WBA52CEU7TR, STM32WBA52CGU6, STM32WBA52CGU6TR, STM32WBA52CGU6U, STM32WBA52CGU7, STM32WBA52CGU7TR, STM32WBA52KEU6, STM32WBA52KEU6TR, STM32WBA52KGU6, STM32WBA52KGU6TR, STM32WBA54CEU6, STM32WBA54CEU6TR, STM32WBA54CEU7, STM32WBA54CEU7TR, STM32WBA54CGU6, STM32WBA54CGU6TR, STM32WBA54CGU7, STM32WBA54CGU7TR, STM32WBA54KEU6, STM32WBA54KEU6TR, STM32WBA54KEU7, STM32WBA54KEU7TR, STM32WBA54KGU6, STM32WBA54KGU6TR, STM32WBA54KGU7, STM32WBA54KGU7TR, STM32WBA55CEU6, STM32WBA55CEU6TR, STM32WBA55CEU7, STM32WBA55CEU7TR, STM32WBA55CGU6, STM32WBA55CGU6TR, STM32WBA55CGU6U, STM32WBA55CGU7, STM32WBA55CGU7TR, STM32WBA55G-DK1, STM32WBA55HEF6, STM32WBA55HEF7, STM32WBA55HGF6, STM32WBA55HGF7, STM32WBA55UEI6, STM32WBA55UEI6TR, STM32WBA55UEI7, STM32WBA55UEI7TR, STM32WBA55UGI6, STM32WBA55UGI6TR, STM32WBA55UGI7, STM32WBA55UGI7TR, STM32WBA5MMGH6TR, STM32WBA62MGF6, STM32WBA62MIF6, STM32WBA65MGF7, STM32WBA65MIF6, STM32WBA65MIF7, STM32WL30K8V6, STM32WL30KBV6, STM32WL31C8V6, STM32WL31CBV6, STM32WL31K8V6, STM32WL31KBV6, STM32WL33C8V6, STM32WL33C8V6X, STM32WL33CBV6, STM32WL33CBV6X, STM32WL33CCV6, STM32WL33CCV6A, STM32WL33CCV6X, STM32WL33K8V7, STM32WL33K8V7X, STM32WL33KBV7 , STM32WL33KBV7X, STM32WL33KCV7, STM32WL33KCV7X, STM32WL5MOCH6, STM32WL5MOCH6TR]
2025-08-11 08:57:44,659 [INFO] DbMcus:218 - Found 4801 MCUs, 4801 are supported
2025-08-11 08:57:44,660 [INFO] ApiDb:423 - Load user favorites file C:\Users\sf94983/.stm32cubeide/favorites.mcus.txt: 0 item(s)
2025-08-11 08:57:44,660 [INFO] ApiDb:427 - User favorites MCUs=[]
2025-08-11 08:57:44,661 [INFO] DbMcus:224 - Set 0 / 0 favorites MCUs
2025-08-11 08:57:45,104 [INFO] ApiDb:414 - User favorites file not found: C:\Users\sf94983/.stm32cubeide/favorites.boards.txt
2025-08-11 08:57:45,104 [INFO] DbBoards:198 - Set 0 / 0 favorites Boards
2025-08-11 08:57:45,164 [INFO] UtilMem:75 - End LoadConfig() Used Memory: 315851096 Bytes (889192448)
2025-08-11 08:57:45,297 [WARN] ThirdParty:833 - waiting for thirdparty lock release [change project]
2025-08-11 08:57:45,297 [INFO] ThirdParty:835 - entering critical section [change project]
2025-08-11 08:57:45,297 [INFO] ThirdParty:1030 - CMSIS Pack Vendor :STMicroelectronics X-CUBE-PM33A1 1.0.0
2025-08-11 08:57:45,297 [INFO] ThirdParty:1030 - CMSIS Pack Vendor :STMicroelectronics USBPD 4.1
2025-08-11 08:57:45,298 [INFO] ThirdParty:1030 - CMSIS Pack Vendor :STMicroelectronics X-CUBE-NFC9 1.0.0
2025-08-11 08:57:45,298 [INFO] ThirdParty:1030 - CMSIS Pack Vendor :STMicroelectronics USB_HOST 2.0.0
2025-08-11 08:57:45,298 [INFO] ThirdParty:1030 - CMSIS Pack Vendor :STMicroelectronics FP-SNS-MOTENVWB1 1.4.0
2025-08-11 08:57:45,298 [INFO] ThirdParty:1030 - CMSIS Pack Vendor :STMicroelectronics X-CUBE-AZRTOS-F4 1.1.0
2025-08-11 08:57:45,298 [INFO] ThirdParty:1030 - CMSIS Pack Vendor :STMicroelectronics LIBJPEG 8.0.0
2025-08-11 08:57:45,298 [INFO] ThirdParty:1030 - CMSIS Pack Vendor :STMicroelectronics FP-ATR-ASTRA1 2.0.2
2025-08-11 08:57:45,298 [INFO] ThirdParty:1030 - CMSIS Pack Vendor :wolfSSL I-CUBE-wolfSSL 5.8.2
2025-08-11 08:57:45,298 [INFO] ThirdParty:1030 - CMSIS Pack Vendor :STMicroelectronics X-CUBE-BLE1 7.1.0
2025-08-11 08:57:45,298 [INFO] ThirdParty:1030 - CMSIS Pack Vendor :Avnet-IotConnect X-CUBE-IoTC-DA16k-PMOD 1.0.0
2025-08-11 08:57:45,298 [INFO] ThirdParty:1030 - CMSIS Pack Vendor :STMicroelectronics X-CUBE-SMBUS 2.1.0
2025-08-11 08:57:45,298 [INFO] ThirdParty:1030 - CMSIS Pack Vendor :wolfSSL I-CUBE-wolfMQTT 1.19.2
2025-08-11 08:57:45,298 [INFO] ThirdParty:1030 - CMSIS Pack Vendor :STMicroelectronics USB_DEVICE 3.0.0
2025-08-11 08:57:45,298 [INFO] ThirdParty:1030 - CMSIS Pack Vendor :STMicroelectronics X-CUBE-ISPU 2.1.0
2025-08-11 08:57:45,298 [INFO] ThirdParty:1030 - CMSIS Pack Vendor :STMicroelectronics X-CUBE-EEPRMA1 5.2.0
2025-08-11 08:57:45,298 [INFO] ThirdParty:1030 - CMSIS Pack Vendor :STMicroelectronics X-CUBE-BLEMGR 4.1.0
2025-08-11 08:57:45,298 [INFO] ThirdParty:1030 - CMSIS Pack Vendor :STMicroelectronics X-CUBE-AZRTOS-WB 2.0.0
2025-08-11 08:57:45,298 [INFO] ThirdParty:1030 - CMSIS Pack Vendor :STMicroelectronics X-CUBE-ST60 1.0.0
2025-08-11 08:57:45,298 [INFO] ThirdParty:1030 - CMSIS Pack Vendor :STMicroelectronics X-CUBE-GNSS1 7.0.1
2025-08-11 08:57:45,298 [INFO] ThirdParty:1030 - CMSIS Pack Vendor :STMicroelectronics X-CUBE-NFC12 1.0.0
2025-08-11 08:57:45,298 [INFO] ThirdParty:1030 - CMSIS Pack Vendor :STMicroelectronics X-CUBE-AZRTOS-F7 1.1.0
2025-08-11 08:57:45,298 [INFO] ThirdParty:1030 - CMSIS Pack Vendor :STMicroelectronics X-CUBE-AZRTOS-L5 2.0.0
2025-08-11 08:57:45,298 [INFO] ThirdParty:1030 - CMSIS Pack Vendor :STMicroelectronics X-CUBE-TOUCHGFX 4.25.0
2025-08-11 08:57:45,298 [INFO] ThirdParty:1030 - CMSIS Pack Vendor :STMicroelectronics USB_DEVICE 2.0.0
2025-08-11 08:57:45,298 [INFO] ThirdParty:1030 - CMSIS Pack Vendor :STMicroelectronics X-CUBE-NFC6 3.1.0
2025-08-11 08:57:45,298 [INFO] ThirdParty:1030 - CMSIS Pack Vendor :quantropi X-CUBE-qispace-sdk-base 2.1.0
2025-08-11 08:57:45,298 [INFO] ThirdParty:1030 - CMSIS Pack Vendor :STMicroelectronics FreeRTOS 0.0.1
2025-08-11 08:57:45,298 [INFO] ThirdParty:1030 - CMSIS Pack Vendor :STMicroelectronics X-CUBE-AZRTOS-G0 1.1.0
2025-08-11 08:57:45,299 [INFO] ThirdParty:1030 - CMSIS Pack Vendor :STMicroelectronics X-CUBE-SAFEA1 1.2.2
2025-08-11 08:57:45,299 [INFO] ThirdParty:1030 - CMSIS Pack Vendor :STMicroelectronics X-CUBE-NFC4 3.0.0
2025-08-11 08:57:45,299 [INFO] ThirdParty:1030 - CMSIS Pack Vendor :STMicroelectronics X-CUBE-SUBG2 5.0.0
2025-08-11 08:57:45,299 [INFO] ThirdParty:1030 - CMSIS Pack Vendor :STMicroelectronics X-CUBE-AZRTOS-H7RS 1.1.0
2025-08-11 08:57:45,299 [INFO] ThirdParty:1030 - CMSIS Pack Vendor :STMicroelectronics STM32_WPAN 1.0.0
2025-08-11 08:57:45,299 [INFO] ThirdParty:1030 - CMSIS Pack Vendor :EmbeddedOffice I-CUBE-FS-RTOS 1.0.1
2025-08-11 08:57:45,299 [INFO] ThirdParty:1030 - CMSIS Pack Vendor :STMicroelectronics lwIP 2.0.3
2025-08-11 08:57:45,299 [INFO] ThirdParty:1030 - CMSIS Pack Vendor :Cesanta I-CUBE-Mongoose 7.13.0
2025-08-11 08:57:45,299 [INFO] ThirdParty:1030 - CMSIS Pack Vendor :STMicroelectronics USB_HOST 1.0.0
2025-08-11 08:57:45,299 [INFO] ThirdParty:1030 - CMSIS Pack Vendor :Infineon AIROC-Wi-Fi-Bluetooth-STM32 1.7.1
2025-08-11 08:57:45,299 [INFO] ThirdParty:1030 - CMSIS Pack Vendor :STMicroelectronics X-CUBE-AZRTOS-G4 2.0.0
2025-08-11 08:57:45,299 [INFO] ThirdParty:1030 - CMSIS Pack Vendor :STMicroelectronics X-CUBE-WB05N 2.0.0
2025-08-11 08:57:45,299 [INFO] ThirdParty:1030 - CMSIS Pack Vendor :STMicroelectronics PDM2PCM 3.1.0
2025-08-11 08:57:45,299 [INFO] ThirdParty:1030 - CMSIS Pack Vendor :STMicroelectronics PDM2PCM 3.3.0
2025-08-11 08:57:45,299 [INFO] ThirdParty:1030 - CMSIS Pack Vendor :wolfSSL I-CUBE-wolfTPM 3.8.0
2025-08-11 08:57:45,299 [INFO] ThirdParty:1030 - CMSIS Pack Vendor :STMicroelectronics X-CUBE-AZRTOS-H7 3.4.0
2025-08-11 08:57:45,299 [INFO] ThirdParty:1030 - CMSIS Pack Vendor :STMicroelectronics X-CUBE-DISPLAY 3.0.0
2025-08-11 08:57:45,299 [INFO] ThirdParty:1030 - CMSIS Pack Vendor :wolfSSL I-CUBE-wolfSSH 1.4.20
2025-08-11 08:57:45,299 [INFO] ThirdParty:1030 - CMSIS Pack Vendor :STMicroelectronics X-CUBE-NFC7 2.0.0
2025-08-11 08:57:45,299 [INFO] ThirdParty:1030 - CMSIS Pack Vendor :STMicroelectronics X-CUBE-TCPP 4.2.0
2025-08-11 08:57:45,299 [INFO] ThirdParty:1030 - CMSIS Pack Vendor :RealThread X-CUBE-RT-Thread_Nano 4.1.1
2025-08-11 08:57:45,299 [INFO] ThirdParty:1030 - CMSIS Pack Vendor :STMicroelectronics FP-ATR-SIGFOX1 3.2.0
2025-08-11 08:57:45,299 [INFO] ThirdParty:1030 - CMSIS Pack Vendor :STMicroelectronics X-CUBE-NFC10 1.0.0
2025-08-11 08:57:45,300 [INFO] ThirdParty:1030 - CMSIS Pack Vendor :STMicroelectronics X-CUBE-FREERTOS 1.3.1
2025-08-11 08:57:45,300 [INFO] ThirdParty:1030 - CMSIS Pack Vendor :STMicroelectronics HAL Drivers 0.0.0
2025-08-11 08:57:45,300 [INFO] ThirdParty:1030 - CMSIS Pack Vendor :STMicroelectronics MBEDTLS 2.16.2
2025-08-11 08:57:45,300 [INFO] ThirdParty:1030 - CMSIS Pack Vendor :STMicroelectronics X-CUBE-IPS 3.1.0
2025-08-11 08:57:45,300 [INFO] ThirdParty:1030 - CMSIS Pack Vendor :STMicroelectronics X-CUBE-ALS 1.0.2
2025-08-11 08:57:45,300 [INFO] ThirdParty:1030 - CMSIS Pack Vendor :emotas I-CUBE-CANOPEN 1.3.0
2025-08-11 08:57:45,300 [INFO] ThirdParty:1030 - CMSIS Pack Vendor :STMicroelectronics MBEDTLS 2.14.1
2025-08-11 08:57:45,300 [INFO] ThirdParty:1030 - CMSIS Pack Vendor :ITTIA_DB I-CUBE-ITTIADB 8.9.0
2025-08-11 08:57:45,300 [INFO] ThirdParty:1030 - CMSIS Pack Vendor :portGmbH I-Cube-SoM-uGOAL 1.1.0
2025-08-11 08:57:45,300 [INFO] ThirdParty:1030 - CMSIS Pack Vendor :STMicroelectronics X-CUBE-ST67W61 1.0.0
2025-08-11 08:57:45,300 [INFO] ThirdParty:1030 - CMSIS Pack Vendor :STMicroelectronics FP-SNS-STBOX1 2.1.0
2025-08-11 08:57:45,300 [INFO] ThirdParty:1030 - CMSIS Pack Vendor :STMicroelectronics X-CUBE-AI 10.2.0
2025-08-11 08:57:45,300 [INFO] ThirdParty:1030 - CMSIS Pack Vendor :STMicroelectronics FP-SNS-STAIOTCFT 1.0.0
2025-08-11 08:57:45,300 [INFO] ThirdParty:1030 - CMSIS Pack Vendor :STMicroelectronics ThreadX 1.0.0
2025-08-11 08:57:45,300 [INFO] ThirdParty:1030 - CMSIS Pack Vendor :STMicroelectronics FP-SNS-SMARTAG2 1.2.0
2025-08-11 08:57:45,300 [INFO] ThirdParty:1030 - CMSIS Pack Vendor :STMicroelectronics FP-SNS-FLIGHT1 5.1.0
2025-08-11 08:57:45,300 [INFO] ThirdParty:1030 - CMSIS Pack Vendor :STMicroelectronics X-CUBE-AZRTOS-WL 2.0.0
2025-08-11 08:57:45,301 [INFO] ThirdParty:1030 - CMSIS Pack Vendor :SEGGER I-CUBE-embOS 1.3.1
2025-08-11 08:57:45,301 [INFO] ThirdParty:1030 - CMSIS Pack Vendor :STMicroelectronics X-CUBE-ALGOBUILD 1.4.0
2025-08-11 08:57:45,301 [INFO] ThirdParty:1030 - CMSIS Pack Vendor :STMicroelectronics X-CUBE-DPower 1.3.0
2025-08-11 08:57:45,301 [INFO] ThirdParty:1030 - CMSIS Pack Vendor :STMicroelectronics X-CUBE-MEMS1 11.3.0
2025-08-11 08:57:45,301 [INFO] ThirdParty:1030 - CMSIS Pack Vendor :STMicroelectronics FP-SNS-MOTENV1 5.0.0
2025-08-11 08:57:45,301 [INFO] ThirdParty:1030 - CMSIS Pack Vendor :STMicroelectronics USB_DEVICE 1.0.0
2025-08-11 08:57:45,301 [INFO] ThirdParty:1030 - CMSIS Pack Vendor :STMicroelectronics X-CUBE-AZRTOS-L4 2.0.0
2025-08-11 08:57:45,301 [INFO] ThirdParty:1030 - CMSIS Pack Vendor :STMicroelectronics ThreadX 0.0.2
2025-08-11 08:57:45,301 [INFO] ThirdParty:1030 - CMSIS Pack Vendor :WES I-CUBE-Cesium 1.3.0
2025-08-11 08:57:45,301 [INFO] ThirdParty:1030 - CMSIS Pack Vendor :STMicroelectronics lwIP 2.1.2
2025-08-11 08:57:45,301 [INFO] ThirdParty:1030 - CMSIS Pack Vendor :STMicroelectronics X-CUBE-SFXS2LP1 4.0.0
2025-08-11 08:57:45,301 [INFO] ThirdParty:1030 - CMSIS Pack Vendor :STMicroelectronics X-CUBE-BLE2 3.3.0
2025-08-11 08:57:45,301 [INFO] ThirdParty:1030 - CMSIS Pack Vendor :STMicroelectronics X-CUBE-TOF1 3.4.3
2025-08-11 08:57:45,301 [INFO] ThirdParty:1030 - CMSIS Pack Vendor :STMicroelectronics PDM2PCM 3.2.0
2025-08-11 08:57:45,301 [INFO] ThirdParty:841 - exiting critical section [change project]
2025-08-11 08:57:45,630 [INFO] PinOutPanel:1589 - setPackage(No Configuration,No Configuration)
2025-08-11 08:57:45,632 [INFO] PinOutPanel:1589 - setPackage(STM32F103C8Tx,LQFP48)
2025-08-11 08:57:46,021 [INFO] UtilMem:75 - Before build in PCC Used Memory: 421239184 Bytes (889192448)
2025-08-11 08:57:46,853 [INFO] UtilMem:75 - After build in PCC Used Memory: 507271496 Bytes (889192448)
2025-08-11 08:57:46,887 [INFO] IPUIPlugin:80 - create IPUIPlugin
2025-08-11 08:57:46,888 [INFO] IPUIPlugin:80 - create IPUIPlugin
2025-08-11 08:57:46,888 [INFO] IPUIPlugin:80 - create IPUIPlugin
2025-08-11 08:57:46,888 [INFO] IPUIPlugin:80 - create IPUIPlugin
2025-08-11 08:57:46,888 [INFO] IPUIPlugin:80 - create IPUIPlugin
2025-08-11 08:57:46,888 [INFO] IPUIPlugin:80 - create IPUIPlugin
2025-08-11 08:57:46,888 [INFO] IPUIPlugin:80 - create IPUIPlugin
2025-08-11 08:57:46,889 [INFO] IPUIPlugin:80 - create IPUIPlugin
2025-08-11 08:57:46,889 [INFO] IPUIPlugin:80 - create IPUIPlugin
2025-08-11 08:57:46,889 [INFO] IPUIPlugin:80 - create IPUIPlugin
2025-08-11 08:57:46,889 [INFO] IPUIPlugin:80 - create IPUIPlugin
2025-08-11 08:57:46,889 [INFO] IPUIPlugin:80 - create IPUIPlugin
2025-08-11 08:57:46,889 [INFO] IPUIPlugin:80 - create IPUIPlugin
2025-08-11 08:57:46,889 [INFO] IPUIPlugin:80 - create IPUIPlugin
2025-08-11 08:57:46,890 [INFO] IPUIPlugin:80 - create IPUIPlugin
2025-08-11 08:57:46,890 [INFO] IPUIPlugin:80 - create IPUIPlugin
2025-08-11 08:57:46,890 [INFO] IPUIPlugin:80 - create IPUIPlugin
2025-08-11 08:57:46,890 [INFO] IPUIPlugin:80 - create IPUIPlugin
2025-08-11 08:57:46,890 [INFO] IPUIPlugin:80 - create IPUIPlugin
2025-08-11 08:57:46,891 [INFO] IPUIPlugin:80 - create IPUIPlugin
2025-08-11 08:57:46,891 [INFO] IPUIPlugin:80 - create IPUIPlugin
2025-08-11 08:57:46,891 [INFO] IPUIPlugin:80 - create IPUIPlugin
2025-08-11 08:57:46,891 [INFO] IPUIPlugin:80 - create IPUIPlugin
2025-08-11 08:57:46,891 [INFO] IPUIPlugin:80 - create IPUIPlugin
2025-08-11 08:57:46,892 [INFO] IPUIPlugin:80 - create IPUIPlugin
2025-08-11 08:57:46,892 [INFO] IPUIPlugin:80 - create IPUIPlugin
2025-08-11 08:57:46,892 [INFO] IPUIPlugin:80 - create IPUIPlugin
2025-08-11 08:57:47,163 [INFO] CADModel:165 - CPN selected for project levelSTM32F103C8T6TR
2025-08-11 08:57:47,164 [INFO] CADModel:114 - Register for checkConnection events
2025-08-11 08:57:47,215 [INFO] OpenFileManager:386 - Restore cursor
2025-08-11 08:58:14,322 [INFO] McuFinderGlobals:63 - Set McuFinder mode to 2 (CubeIDE integrated)
2025-08-11 08:58:14,322 [INFO] UserAuth:171 - activating auth plugin
2025-08-11 08:58:14,325 [INFO] UserAuth:487 - Internet connection configuration mode: 1
2025-08-11 08:58:54,020 [INFO] WebApp:650 - userauth.ini created with success
2025-08-11 09:06:32,808 [INFO] Activator:176 - 


2025-08-11 09:06:32,808 [INFO] Activator:177 - !SESSION log4j initialized
2025-08-11 09:06:35,955 [INFO] ApplicationProperties:184 - Using Application install path: C:\ST\STM32CubeIDE_1.19.0\STM32CubeIDE\plugins\com.st.stm32cube.common.mx_6.15.0.202507011659
2025-08-11 09:06:35,971 [INFO] DbMcusXml:78 - Set database path to: C:\ST\STM32CubeIDE_1.19.0\STM32CubeIDE\plugins\com.st.stm32cube.common.mx_6.15.0.202507011659\\db\/mcu/
2025-08-11 09:06:35,971 [INFO] ApiDb:274 - Set plugin database path to: C:\ST\STM32CubeIDE_1.19.0\STM32CubeIDE\plugins\com.st.stm32cube.common.mx_6.15.0.202507011659\\db\/plugins/boardmanager/
2025-08-11 09:06:35,971 [WARN] ApiDb:259 - Overriding images path with different value:  => C:\ST\STM32CubeIDE_1.19.0\STM32CubeIDE\plugins\com.st.stm32cube.common.mx_6.15.0.202507011659\\db\/plugins/mcufinder/images/
2025-08-11 09:06:35,977 [INFO] ApiDb:250 - Set database path to: C:\Users\sf94983\.stmcufinder\plugins\mcufinder//mcu/
2025-08-11 09:06:35,978 [INFO] DbMcusAds:125 - Set database path to: C:\Users\sf94983\.stmcufinder\plugins\mcufinder//mcu/
2025-08-11 09:06:36,002 [INFO] CrossReferenceDbSqlite:203 - Set database path to: C:\Users\sf94983\.stmcufinder\plugins\mcufinder//mcu/cs/
2025-08-11 09:06:36,131 [INFO] RulesReader:64 - Compatibility file has been processed (317 Rules)
2025-08-11 09:06:36,257 [INFO] DbMcusXml:78 - Set database path to: C:\ST\STM32CubeIDE_1.19.0\STM32CubeIDE\plugins\com.st.stm32cube.common.mx_6.15.0.202507011659\\db\/mcu/
2025-08-11 09:06:36,258 [INFO] ApiDb:274 - Set plugin database path to: C:\ST\STM32CubeIDE_1.19.0\STM32CubeIDE\plugins\com.st.stm32cube.common.mx_6.15.0.202507011659\\db\/plugins/boardmanager/
2025-08-11 09:06:36,258 [INFO] ApiDb:261 - Set plugin images path to: C:\ST\STM32CubeIDE_1.19.0\STM32CubeIDE\plugins\com.st.stm32cube.common.mx_6.15.0.202507011659\\db\/plugins/mcufinder/images/
2025-08-11 09:06:36,258 [WARN] DbFile:41 - Overriding database path with different value: C:\Users\sf94983\.stmcufinder\plugins\mcufinder/ => C:\Users\sf94983\.stmcufinder\plugins\mcufinder
2025-08-11 09:06:36,258 [INFO] ApiDb:250 - Set database path to: C:\Users\sf94983\.stmcufinder\plugins\mcufinder//mcu/
2025-08-11 09:06:36,258 [WARN] DbFile:41 - Overriding database path with different value: C:\Users\sf94983\.stmcufinder\plugins\mcufinder/ => C:\Users\sf94983\.stmcufinder\plugins\mcufinder
2025-08-11 09:06:36,259 [INFO] DbMcusAds:125 - Set database path to: C:\Users\sf94983\.stmcufinder\plugins\mcufinder//mcu/
2025-08-11 09:06:36,259 [WARN] DbFile:41 - Overriding database path with different value: C:\Users\sf94983\.stmcufinder\plugins\mcufinder/ => C:\Users\sf94983\.stmcufinder\plugins\mcufinder
2025-08-11 09:06:36,259 [WARN] DbFile:41 - Overriding database path with different value: C:\Users\sf94983\.stmcufinder\plugins\mcufinder/ => C:\Users\sf94983\.stmcufinder\plugins\mcufinder
2025-08-11 09:06:36,259 [INFO] CrossReferenceDbSqlite:203 - Set database path to: C:\Users\sf94983\.stmcufinder\plugins\mcufinder//mcu/cs/
2025-08-11 09:06:36,379 [INFO] MainPanel:274 - HeapMemory: 268435456
2025-08-11 09:06:36,610 [INFO] DbMcusXml:78 - Set database path to: C:\ST\STM32CubeIDE_1.19.0\STM32CubeIDE\plugins\com.st.stm32cube.common.mx_6.15.0.202507011659\\db\/mcu/
2025-08-11 09:06:36,610 [INFO] ApiDb:274 - Set plugin database path to: C:\ST\STM32CubeIDE_1.19.0\STM32CubeIDE\plugins\com.st.stm32cube.common.mx_6.15.0.202507011659\\db\/plugins/boardmanager/
2025-08-11 09:06:36,610 [INFO] ApiDb:261 - Set plugin images path to: C:\ST\STM32CubeIDE_1.19.0\STM32CubeIDE\plugins\com.st.stm32cube.common.mx_6.15.0.202507011659\\db\/plugins/mcufinder/images/
2025-08-11 09:06:36,611 [WARN] DbFile:41 - Overriding database path with different value: C:\Users\sf94983\.stmcufinder\plugins\mcufinder/ => C:\Users\sf94983\.stmcufinder\plugins\mcufinder
2025-08-11 09:06:36,611 [INFO] ApiDb:250 - Set database path to: C:\Users\sf94983\.stmcufinder\plugins\mcufinder//mcu/
2025-08-11 09:06:36,611 [WARN] DbFile:41 - Overriding database path with different value: C:\Users\sf94983\.stmcufinder\plugins\mcufinder/ => C:\Users\sf94983\.stmcufinder\plugins\mcufinder
2025-08-11 09:06:36,611 [INFO] DbMcusAds:125 - Set database path to: C:\Users\sf94983\.stmcufinder\plugins\mcufinder//mcu/
2025-08-11 09:06:36,611 [WARN] DbFile:41 - Overriding database path with different value: C:\Users\sf94983\.stmcufinder\plugins\mcufinder/ => C:\Users\sf94983\.stmcufinder\plugins\mcufinder
2025-08-11 09:06:36,611 [WARN] DbFile:41 - Overriding database path with different value: C:\Users\sf94983\.stmcufinder\plugins\mcufinder/ => C:\Users\sf94983\.stmcufinder\plugins\mcufinder
2025-08-11 09:06:36,611 [INFO] CrossReferenceDbSqlite:203 - Set database path to: C:\Users\sf94983\.stmcufinder\plugins\mcufinder//mcu/cs/
2025-08-11 09:06:36,638 [INFO] ApplicationProperties:184 - Using Application install path: C:\ST\STM32CubeIDE_1.19.0\STM32CubeIDE\plugins\com.st.stm32cube.common.mx_6.15.0.202507011659
2025-08-11 09:06:36,640 [INFO] PluginManage:196 - Search for loadable plugins [exclusion list=, ]
2025-08-11 09:06:36,642 [INFO] PluginManage:310 - Check plugin analytics
2025-08-11 09:06:36,990 [INFO] AnalyticsPlugin:253 - Accepted Software Licenses: 
2025-08-11 09:06:36,990 [INFO] AnalyticsPlugin:255 - Accepted CMSIS Pack Licenses: 
2025-08-11 09:06:36,990 [INFO] AnalyticsPlugin:257 - Accepted Firmware Licenses: 
2025-08-11 09:06:36,998 [INFO] PluginManage:359 - Loaded plugin analytics (category:tool,tabindex:-1)
2025-08-11 09:06:36,999 [INFO] PluginManage:310 - Check plugin cadmodel
2025-08-11 09:06:37,030 [INFO] CADModel:105 - Init CAD model plugin
2025-08-11 09:06:37,030 [INFO] PluginManage:359 - Loaded plugin cadmodel (category:power,tabindex:5)
2025-08-11 09:06:37,030 [INFO] PluginManage:310 - Check plugin clock
2025-08-11 09:06:37,077 [INFO] PluginManage:359 - Loaded plugin clock (category:base,tabindex:2)
2025-08-11 09:06:37,078 [INFO] PluginManage:310 - Check plugin ddr
2025-08-11 09:06:37,078 [INFO] PluginManage:359 - Loaded plugin ddr (category:tool,tabindex:6)
2025-08-11 09:06:37,078 [INFO] PluginManage:310 - Check plugin filemanager
2025-08-11 09:06:37,343 [INFO] PluginManage:359 - Loaded plugin filemanager (category:base,tabindex:10)
2025-08-11 09:06:37,343 [INFO] PluginManage:310 - Check plugin ipmanager
2025-08-11 09:06:37,359 [INFO] PluginManage:359 - Loaded plugin ipmanager (category:base,tabindex:5)
2025-08-11 09:06:37,359 [INFO] PluginManage:310 - Check plugin lpbam
2025-08-11 09:06:37,391 [INFO] PluginManage:359 - Loaded plugin lpbam (category:base,tabindex:0)
2025-08-11 09:06:37,391 [INFO] PluginManage:310 - Check plugin memorymap
2025-08-11 09:06:37,422 [INFO] PluginManage:359 - Loaded plugin memorymap (category:base,tabindex:4)
2025-08-11 09:06:37,422 [INFO] PluginManage:310 - Check plugin pinoutandconfiguration
2025-08-11 09:06:37,471 [INFO] PluginManage:359 - Loaded plugin pinoutandconfiguration (category:base,tabindex:1)
2025-08-11 09:06:37,471 [INFO] PluginManage:310 - Check plugin pinoutconfig
2025-08-11 09:06:37,659 [WARN] SupportedApi:132 - Cannot load RTOS API schema: s4s-elt-must-match.1: The content of 'definitions' must match (annotation?, (simpleType | complexType)?, (unique | key | keyref)*)). A problem was found starting at: attribute.
2025-08-11 09:06:37,968 [INFO] PluginManage:359 - Loaded plugin pinoutconfig (category:base,tabindex:0)
2025-08-11 09:06:37,968 [INFO] PluginManage:310 - Check plugin power
2025-08-11 09:06:38,015 [INFO] PluginManage:359 - Loaded plugin power (category:power,tabindex:4)
2025-08-11 09:06:38,015 [INFO] PluginManage:310 - Check plugin projectmanager
2025-08-11 09:06:38,062 [INFO] PluginManage:359 - Loaded plugin projectmanager (category:projectmanager,tabindex:4)
2025-08-11 09:06:38,062 [INFO] PluginManage:310 - Check plugin rif
2025-08-11 09:06:38,094 [INFO] PluginManage:359 - Loaded plugin rif (category:base,tabindex:3)
2025-08-11 09:06:38,094 [INFO] PluginManage:310 - Check plugin thirdparty
2025-08-11 09:06:38,647 [INFO] PluginManage:359 - Loaded plugin thirdparty (category:base,tabindex:-1)
2025-08-11 09:06:38,647 [WARN] IntegrityCheckThread:84 - waiting for thirdparty lock release [integrity check]
2025-08-11 09:06:38,647 [INFO] PluginManage:310 - Check plugin tools
2025-08-11 09:06:38,647 [INFO] IntegrityCheckThread:86 - entering critical section [integrity check]
2025-08-11 09:06:38,647 [INFO] ThirdPartyUpdaterWithRetryManager:70 - Updater plugin not ready yet. [1/15]
2025-08-11 09:06:38,710 [INFO] PluginManage:359 - Loaded plugin tools (category:base,tabindex:7)
2025-08-11 09:06:38,726 [INFO] PluginManage:310 - Check plugin tutovideos
2025-08-11 09:06:39,109 [INFO] PluginManage:359 - Loaded plugin tutovideos (category:base,tabindex:-1)
2025-08-11 09:06:39,109 [INFO] PluginManage:310 - Check plugin updater
2025-08-11 09:06:39,140 [INFO] PluginManage:359 - Loaded plugin updater (category:base,tabindex:12)
2025-08-11 09:06:39,140 [INFO] PluginManage:310 - Check plugin userauth
2025-08-11 09:06:39,140 [INFO] UserAuth:118 - Init User Auth plugin
2025-08-11 09:06:39,140 [INFO] PluginManage:359 - Loaded plugin userauth (category:base,tabindex:14)
2025-08-11 09:06:39,140 [INFO] PluginManage:283 - PluginManage : Loaded plugins [18]
2025-08-11 09:06:39,461 [INFO] PinOutPanel:1589 - setPackage(No Configuration,No Configuration)
2025-08-11 09:06:39,603 [INFO] CADModel:165 - CPN selected for project level
2025-08-11 09:06:39,603 [INFO] CADModel:114 - Register for checkConnection events
2025-08-11 09:06:39,650 [INFO] IPUIPlugin:80 - create IPUIPlugin
2025-08-11 09:06:39,650 [INFO] PluginManager:220 - loadIPPluginJar : add adc
2025-08-11 09:06:39,729 [INFO] IPUIPlugin:80 - create IPUIPlugin
2025-08-11 09:06:39,729 [INFO] PluginManager:220 - loadIPPluginJar : add aes
2025-08-11 09:06:39,807 [INFO] IPUIPlugin:80 - create IPUIPlugin
2025-08-11 09:06:39,807 [INFO] PluginManager:220 - loadIPPluginJar : add can
2025-08-11 09:06:39,854 [INFO] IPUIPlugin:80 - create IPUIPlugin
2025-08-11 09:06:39,854 [INFO] PluginManager:220 - loadIPPluginJar : add comp
2025-08-11 09:06:39,917 [INFO] IPUIPlugin:80 - create IPUIPlugin
2025-08-11 09:06:39,917 [INFO] PluginManager:220 - loadIPPluginJar : add cryp
2025-08-11 09:06:39,949 [INFO] IPUIPlugin:80 - create IPUIPlugin
2025-08-11 09:06:39,949 [INFO] PluginManager:220 - loadIPPluginJar : add ddr_ctrl_phy
2025-08-11 09:06:39,995 [INFO] IPUIPlugin:80 - create IPUIPlugin
2025-08-11 09:06:39,995 [INFO] PluginManager:220 - loadIPPluginJar : add dfsdm
2025-08-11 09:06:40,027 [INFO] IPUIPlugin:80 - create IPUIPlugin
2025-08-11 09:06:40,027 [INFO] PluginManager:220 - loadIPPluginJar : add dma
2025-08-11 09:06:40,105 [INFO] IPUIPlugin:80 - create IPUIPlugin
2025-08-11 09:06:40,105 [INFO] PluginManager:220 - loadIPPluginJar : add dma3
2025-08-11 09:06:40,169 [INFO] IPUIPlugin:80 - create IPUIPlugin
2025-08-11 09:06:40,169 [INFO] PluginManager:220 - loadIPPluginJar : add extmemmanager
2025-08-11 09:06:40,215 [INFO] IPUIPlugin:80 - create IPUIPlugin
2025-08-11 09:06:40,215 [INFO] PluginManager:220 - loadIPPluginJar : add fatfs
2025-08-11 09:06:40,295 [INFO] IPUIPlugin:80 - create IPUIPlugin
2025-08-11 09:06:40,295 [INFO] PluginManager:220 - loadIPPluginJar : add fmc
2025-08-11 09:06:40,326 [INFO] IPUIPlugin:80 - create IPUIPlugin
2025-08-11 09:06:40,326 [INFO] PluginManager:220 - loadIPPluginJar : add freertos
2025-08-11 09:06:40,357 [INFO] IPUIPlugin:80 - create IPUIPlugin
2025-08-11 09:06:40,357 [INFO] PluginManager:220 - loadIPPluginJar : add genericplugin
2025-08-11 09:06:40,514 [INFO] IPUIPlugin:80 - create IPUIPlugin
2025-08-11 09:06:40,514 [INFO] PluginManager:220 - loadIPPluginJar : add gfxmmu
2025-08-11 09:06:40,735 [INFO] IPUIPlugin:80 - create IPUIPlugin
2025-08-11 09:06:40,735 [INFO] PluginManager:220 - loadIPPluginJar : add gic
2025-08-11 09:06:40,751 [INFO] IPUIPlugin:80 - create IPUIPlugin
2025-08-11 09:06:40,751 [INFO] PluginManager:220 - loadIPPluginJar : add gpio
2025-08-11 09:06:40,902 [INFO] IPUIPlugin:80 - create IPUIPlugin
2025-08-11 09:06:40,902 [INFO] PluginManager:220 - loadIPPluginJar : add gtzc
2025-08-11 09:06:40,947 [INFO] IPUIPlugin:80 - create IPUIPlugin
2025-08-11 09:06:40,947 [INFO] PluginManager:220 - loadIPPluginJar : add hash
2025-08-11 09:06:41,031 [INFO] IPUIPlugin:80 - create IPUIPlugin
2025-08-11 09:06:41,031 [INFO] PluginManager:220 - loadIPPluginJar : add i2c
2025-08-11 09:06:41,096 [INFO] IPUIPlugin:80 - create IPUIPlugin
2025-08-11 09:06:41,096 [INFO] PluginManager:220 - loadIPPluginJar : add i2s
2025-08-11 09:06:41,157 [INFO] IPUIPlugin:80 - create IPUIPlugin
2025-08-11 09:06:41,157 [INFO] PluginManager:220 - loadIPPluginJar : add i3c
2025-08-11 09:06:41,299 [INFO] IPUIPlugin:80 - create IPUIPlugin
2025-08-11 09:06:41,299 [INFO] PluginManager:220 - loadIPPluginJar : add ipddr
2025-08-11 09:06:41,441 [INFO] IPUIPlugin:80 - create IPUIPlugin
2025-08-11 09:06:41,441 [INFO] PluginManager:220 - loadIPPluginJar : add linkedlist
2025-08-11 09:06:41,499 [INFO] IPUIPlugin:80 - create IPUIPlugin
2025-08-11 09:06:41,499 [INFO] PluginManager:220 - loadIPPluginJar : add lorawan
2025-08-11 09:06:41,550 [INFO] IPUIPlugin:80 - create IPUIPlugin
2025-08-11 09:06:41,550 [INFO] PluginManager:220 - loadIPPluginJar : add ltdc
2025-08-11 09:06:41,566 [INFO] IPUIPlugin:80 - create IPUIPlugin
2025-08-11 09:06:41,566 [INFO] PluginManager:220 - loadIPPluginJar : add mdma
2025-08-11 09:06:41,582 [INFO] IPUIPlugin:80 - create IPUIPlugin
2025-08-11 09:06:41,582 [INFO] PluginManager:220 - loadIPPluginJar : add nvic
2025-08-11 09:06:41,645 [INFO] IPUIPlugin:80 - create IPUIPlugin
2025-08-11 09:06:41,645 [INFO] PluginManager:220 - loadIPPluginJar : add opamp
2025-08-11 09:06:41,660 [INFO] ThirdPartyUpdaterWithRetryManager:70 - Updater plugin not ready yet. [2/15]
2025-08-11 09:06:41,739 [INFO] IPUIPlugin:80 - create IPUIPlugin
2025-08-11 09:06:41,739 [INFO] PluginManager:220 - loadIPPluginJar : add openamp
2025-08-11 09:06:41,802 [INFO] IPUIPlugin:80 - create IPUIPlugin
2025-08-11 09:06:41,802 [INFO] PluginManager:220 - loadIPPluginJar : add pdm2pcm
2025-08-11 09:06:41,818 [INFO] IPUIPlugin:80 - create IPUIPlugin
2025-08-11 09:06:41,818 [INFO] PluginManager:220 - loadIPPluginJar : add plateformsettings
2025-08-11 09:06:41,865 [INFO] IPUIPlugin:80 - create IPUIPlugin
2025-08-11 09:06:41,865 [INFO] PluginManager:220 - loadIPPluginJar : add quadspi
2025-08-11 09:06:41,898 [INFO] IPUIPlugin:80 - create IPUIPlugin
2025-08-11 09:06:41,898 [INFO] PluginManager:220 - loadIPPluginJar : add radio
2025-08-11 09:06:41,928 [INFO] IPUIPlugin:80 - create IPUIPlugin
2025-08-11 09:06:41,928 [INFO] PluginManager:220 - loadIPPluginJar : add resmgrutility
2025-08-11 09:06:41,991 [INFO] IPUIPlugin:80 - create IPUIPlugin
2025-08-11 09:06:41,991 [INFO] PluginManager:220 - loadIPPluginJar : add sai
2025-08-11 09:06:42,038 [INFO] IPUIPlugin:80 - create IPUIPlugin
2025-08-11 09:06:42,038 [INFO] PluginManager:220 - loadIPPluginJar : add spi
2025-08-11 09:06:42,148 [INFO] IPUIPlugin:80 - create IPUIPlugin
2025-08-11 09:06:42,148 [INFO] PluginManager:220 - loadIPPluginJar : add stm32_wpan
2025-08-11 09:06:42,180 [INFO] IPUIPlugin:80 - create IPUIPlugin
2025-08-11 09:06:42,180 [INFO] PluginManager:220 - loadIPPluginJar : add tim
2025-08-11 09:06:42,274 [INFO] IPUIPlugin:80 - create IPUIPlugin
2025-08-11 09:06:42,274 [INFO] PluginManager:220 - loadIPPluginJar : add touchsensing
2025-08-11 09:06:42,305 [INFO] IPUIPlugin:80 - create IPUIPlugin
2025-08-11 09:06:42,305 [INFO] PluginManager:220 - loadIPPluginJar : add tracer_emb
2025-08-11 09:06:42,352 [INFO] IPUIPlugin:80 - create IPUIPlugin
2025-08-11 09:06:42,352 [INFO] PluginManager:220 - loadIPPluginJar : add ts
2025-08-11 09:06:42,384 [INFO] IPUIPlugin:80 - create IPUIPlugin
2025-08-11 09:06:42,384 [INFO] PluginManager:220 - loadIPPluginJar : add tsc
2025-08-11 09:06:42,415 [INFO] IPUIPlugin:80 - create IPUIPlugin
2025-08-11 09:06:42,415 [INFO] PluginManager:220 - loadIPPluginJar : add ucpd
2025-08-11 09:06:42,477 [INFO] IPUIPlugin:80 - create IPUIPlugin
2025-08-11 09:06:42,477 [INFO] PluginManager:220 - loadIPPluginJar : add usart
2025-08-11 09:06:42,540 [INFO] IPUIPlugin:80 - create IPUIPlugin
2025-08-11 09:06:42,540 [INFO] PluginManager:220 - loadIPPluginJar : add usbx
2025-08-11 09:06:42,689 [FATAL] Updater:351 - Updater called before beeing initialized
2025-08-11 09:06:42,705 [INFO] RulesReader:64 - Compatibility file has been processed (317 Rules)
2025-08-11 09:06:42,721 [INFO] RulesReader:64 - Compatibility file has been processed (317 Rules)
2025-08-11 09:06:42,741 [INFO] CADModel:165 - CPN selected for project level
2025-08-11 09:06:42,741 [INFO] CADModel:114 - Register for checkConnection events
2025-08-11 09:06:42,741 [FATAL] Updater:351 - Updater called before beeing initialized
2025-08-11 09:06:42,741 [ERROR] CADModel:125 - Updater not yet initialized, retry later 
2025-08-11 09:06:42,892 [FATAL] Updater:351 - Updater called before beeing initialized
2025-08-11 09:06:42,898 [INFO] CADModel:165 - CPN selected for project level
2025-08-11 09:06:42,898 [INFO] CADModel:114 - Register for checkConnection events
2025-08-11 09:06:42,898 [FATAL] Updater:351 - Updater called before beeing initialized
2025-08-11 09:06:42,898 [ERROR] CADModel:125 - Updater not yet initialized, retry later 
2025-08-11 09:06:42,900 [FATAL] Updater:351 - Updater called before beeing initialized
2025-08-11 09:06:43,048 [FATAL] Updater:351 - Updater called before beeing initialized
2025-08-11 09:06:43,063 [INFO] DbMcusAds:53 - JSON generation date=Tue Jul 08 05:14:23 BRT 2025 (1751962463582)
2025-08-11 09:06:43,063 [FATAL] Updater:351 - Updater called before beeing initialized
2025-08-11 09:06:43,127 [WARN] DetailPanel:346 - Failed to get advertising image, set to default
2025-08-11 09:06:43,252 [FATAL] Updater:351 - Updater called before beeing initialized
2025-08-11 09:06:43,252 [FATAL] Updater:351 - Updater called before beeing initialized
2025-08-11 09:06:43,252 [FATAL] Updater:351 - Updater called before beeing initialized
2025-08-11 09:06:43,252 [WARN] DetailPanel:346 - Failed to get advertising image, set to default
2025-08-11 09:06:43,252 [FATAL] Updater:351 - Updater called before beeing initialized
2025-08-11 09:06:43,331 [ERROR] Updater:1198 - MainUpdater not yet initialized. External WinMGr cannot be set.
2025-08-11 09:06:43,348 [INFO] Updater:1134 - Updater Version found : 6.15.0
2025-08-11 09:06:43,379 [INFO] ApplicationProperties:184 - Using Application install path: C:\ST\STM32CubeIDE_1.19.0\STM32CubeIDE\plugins\com.st.stm32cube.common.mx_6.15.0.202507011659
2025-08-11 09:06:44,665 [INFO] ThirdPartyUpdaterWithRetryManager:70 - Updater plugin not ready yet. [3/15]
2025-08-11 09:06:44,998 [ERROR] LogOutputStream:75 - [STDERR_REDIRECT] Aug 11, 2025 9:06:44 AM java.util.prefs.WindowsPreferences <init>
2025-08-11 09:06:44,998 [ERROR] LogOutputStream:75 - [STDERR_REDIRECT] WARNING: Could not open/create prefs root node Software\JavaSoft\Prefs at root 0xffffffff80000002. Windows RegCreateKeyEx(...) returned error code 5.
2025-08-11 09:06:45,004 [ERROR] LogOutputStream:75 - [STDERR_REDIRECT] 
2025-08-11 09:06:45,314 [INFO] MainUpdater:2872 - connection check result : 10
2025-08-11 09:06:45,314 [INFO] MainUpdater:289 - Updater Check For Update Now.
2025-08-11 09:06:45,314 [INFO] MicroXplorer:498 - Change Database Version : DB.6.0.150
2025-08-11 09:06:45,533 [INFO] CheckServerUpdateThread:120 - End of CheckServer Thread
2025-08-11 09:06:45,567 [INFO] MainUpdater:2872 - connection check result : 10
2025-08-11 09:06:45,583 [INFO] MainUpdater:2872 - connection check result : 10
2025-08-11 09:06:45,883 [INFO] MicroXplorer:468 - Change Database Path : 
2025-08-11 09:06:45,883 [INFO] MicroXplorer:498 - Change Database Version : DB.6.0.150
2025-08-11 09:06:45,883 [WARN] ThirdParty:871 - waiting for thirdparty lock release [close project]
2025-08-11 09:06:47,887 [WARN] PackLoader:240 - Cannot read IP mode file for STMicroelectronics.FP-SNS-MOTENVWB1.1.4.0
2025-08-11 09:06:47,919 [WARN] PackLoader:240 - Cannot read IP mode file for STMicroelectronics.FP-ATR-ASTRA1.2.0.2
2025-08-11 09:06:47,935 [WARN] PackLoader:240 - Cannot read IP mode file for STMicroelectronics.X-CUBE-SMBUS.2.1.0
2025-08-11 09:06:47,950 [WARN] PackLoader:240 - Cannot read IP mode file for STMicroelectronics.X-CUBE-ST60.1.0.0
2025-08-11 09:06:47,996 [WARN] PackLoader:240 - Cannot read IP mode file for STMicroelectronics.X-CUBE-AZRTOS-F7.1.1.0
2025-08-11 09:06:48,037 [WARN] PackLoader:240 - Cannot read IP mode file for Infineon.AIROC-Wi-Fi-Bluetooth-STM32.1.7.1
2025-08-11 09:06:48,100 [WARN] PackLoader:240 - Cannot read IP mode file for STMicroelectronics.X-CUBE-AZRTOS-H7.3.4.0
2025-08-11 09:06:48,132 [WARN] PackLoader:240 - Cannot read IP mode file for STMicroelectronics.X-CUBE-DISPLAY.3.0.0
2025-08-11 09:06:48,163 [WARN] PackLoader:240 - Cannot read IP mode file for STMicroelectronics.X-CUBE-NFC10.1.0.0
2025-08-11 09:06:48,179 [WARN] PackLoader:240 - Cannot read IP mode file for emotas.I-CUBE-CANOPEN.1.3.0
2025-08-11 09:06:48,211 [WARN] PackLoader:240 - Cannot read IP mode file for STMicroelectronics.FP-SNS-STBOX1.2.1.0
2025-08-11 09:06:48,226 [WARN] PackLoader:240 - Cannot read IP mode file for STMicroelectronics.FP-SNS-SMARTAG2.1.2.0
2025-08-11 09:06:48,258 [WARN] PackLoader:240 - Cannot read IP mode file for STMicroelectronics.FP-SNS-FLIGHT1.5.1.0
2025-08-11 09:06:48,273 [INFO] LogOutputStream:77 - [STDOUT_REDIRECT] 1 : Invalid condition id : UX_CORESTACK_Condition cause : null
2025-08-11 09:06:48,273 [INFO] LogOutputStream:77 - [STDOUT_REDIRECT] 1 : Invalid condition id : UX_CORESTACK_Condition cause : null
2025-08-11 09:06:48,289 [INFO] LogOutputStream:77 - [STDOUT_REDIRECT] 1 : Invalid condition id : UX_CORESTACK_Condition cause : null
2025-08-11 09:06:48,289 [INFO] LogOutputStream:77 - [STDOUT_REDIRECT] 1 : Invalid condition id : UX_CORESTACK_Condition cause : null
2025-08-11 09:06:48,289 [INFO] LogOutputStream:77 - [STDOUT_REDIRECT] 1 : Invalid condition id : UX_CORESTACK_Condition cause : null
2025-08-11 09:06:48,289 [WARN] PackLoader:240 - Cannot read IP mode file for STMicroelectronics.X-CUBE-AZRTOS-WL.2.0.0
2025-08-11 09:06:48,310 [WARN] PackLoader:240 - Cannot read IP mode file for STMicroelectronics.FP-SNS-MOTENV1.5.0.0
2025-08-11 09:06:48,337 [WARN] PackLoader:240 - Cannot read IP mode file for WES.I-CUBE-Cesium.1.3.0
2025-08-11 09:06:48,352 [WARN] PackLoader:240 - Cannot read IP mode file for STMicroelectronics.X-CUBE-BLE2.3.3.0
2025-08-11 09:06:48,384 [WARN] PackLoader:240 - Cannot read IP mode file for STMicroelectronics.X-CUBE-NFC9.1.0.0
2025-08-11 09:06:48,415 [WARN] PackLoader:240 - Cannot read IP mode file for wolfSSL.I-CUBE-wolfSSL.5.8.2
2025-08-11 09:06:48,446 [WARN] PackLoader:240 - Cannot read IP mode file for STMicroelectronics.X-CUBE-BLE1.7.1.0
2025-08-11 09:06:48,462 [WARN] PackLoader:240 - Cannot read IP mode file for wolfSSL.I-CUBE-wolfMQTT.1.19.2
2025-08-11 09:06:48,477 [WARN] PackLoader:240 - Cannot read IP mode file for STMicroelectronics.X-CUBE-EEPRMA1.5.2.0
2025-08-11 09:06:48,525 [WARN] PackLoader:240 - Cannot read IP mode file for STMicroelectronics.X-CUBE-AZRTOS-G0.1.1.0
2025-08-11 09:06:48,556 [WARN] PackLoader:240 - Cannot read IP mode file for STMicroelectronics.X-CUBE-SAFEA1.1.2.2
2025-08-11 09:06:48,588 [WARN] PackLoader:240 - Cannot read IP mode file for STMicroelectronics.X-CUBE-NFC4.3.0.0
2025-08-11 09:06:48,620 [WARN] PackLoader:240 - Cannot read IP mode file for EmbeddedOffice.I-CUBE-FS-RTOS.1.0.1
2025-08-11 09:06:48,651 [WARN] PackLoader:240 - Cannot read IP mode file for STMicroelectronics.X-CUBE-WB05N.2.0.0
2025-08-11 09:06:48,714 [WARN] PackLoader:240 - Cannot read IP mode file for wolfSSL.I-CUBE-wolfTPM.3.8.0
2025-08-11 09:06:48,730 [WARN] PackLoader:240 - Cannot read IP mode file for STMicroelectronics.X-CUBE-TCPP.4.2.0
2025-08-11 09:06:48,761 [WARN] PackLoader:240 - Cannot read IP mode file for RealThread.X-CUBE-RT-Thread_Nano.4.1.1
2025-08-11 09:06:48,776 [WARN] PackLoader:240 - Cannot read IP mode file for STMicroelectronics.FP-ATR-SIGFOX1.3.2.0
2025-08-11 09:06:48,810 [WARN] PackLoader:240 - Cannot read IP mode file for ITTIA_DB.I-CUBE-ITTIADB.8.9.0
2025-08-11 09:06:48,824 [WARN] PackLoader:240 - Cannot read IP mode file for STMicroelectronics.X-CUBE-ST67W61.1.0.0
2025-08-11 09:06:48,855 [WARN] PackLoader:240 - Cannot read IP mode file for STMicroelectronics.X-CUBE-AI.10.2.0
2025-08-11 09:06:48,887 [WARN] PackLoader:240 - Cannot read IP mode file for SEGGER.I-CUBE-embOS.1.3.1
2025-08-11 09:06:48,951 [WARN] PackLoader:240 - Cannot read IP mode file for STMicroelectronics.X-CUBE-ALGOBUILD.1.4.0
2025-08-11 09:06:49,033 [WARN] PackLoader:240 - Cannot read IP mode file for STMicroelectronics.X-CUBE-MEMS1.11.3.0
2025-08-11 09:06:49,148 [WARN] PackLoader:240 - Cannot read IP mode file for STMicroelectronics.X-CUBE-PM33A1.1.0.0
2025-08-11 09:06:49,195 [WARN] PackLoader:240 - Cannot read IP mode file for STMicroelectronics.X-CUBE-AZRTOS-F4.1.1.0
2025-08-11 09:06:49,227 [WARN] PackLoader:240 - Cannot read IP mode file for Avnet-IotConnect.X-CUBE-IoTC-DA16k-PMOD.1.0.0
2025-08-11 09:06:49,258 [WARN] PackLoader:240 - Cannot read IP mode file for STMicroelectronics.X-CUBE-ISPU.2.1.0
2025-08-11 09:06:49,274 [WARN] PackLoader:240 - Cannot read IP mode file for STMicroelectronics.X-CUBE-NFC12.1.0.0
2025-08-11 09:06:49,321 [WARN] PackLoader:240 - Cannot read IP mode file for STMicroelectronics.X-CUBE-AZRTOS-L5.2.0.0
2025-08-11 09:06:49,352 [WARN] PackLoader:240 - Cannot read IP mode file for STMicroelectronics.X-CUBE-NFC6.3.1.0
2025-08-11 09:06:49,368 [WARN] PackLoader:240 - Cannot read IP mode file for STMicroelectronics.X-CUBE-FREERTOS.1.3.1
2025-08-11 09:06:49,400 [WARN] PackLoader:240 - Cannot read IP mode file for STMicroelectronics.FP-SNS-STAIOTCFT.1.0.0
2025-08-11 09:06:49,416 [WARN] PackLoader:240 - Cannot read IP mode file for STMicroelectronics.X-CUBE-DPower.1.3.0
2025-08-11 09:06:49,463 [WARN] ConditionMgr:438 - getConditionDescription Invalid condition id : LAN8742 Phy interface Condition cause : null
2025-08-11 09:06:49,463 [WARN] PackLoader:240 - Cannot read IP mode file for STMicroelectronics.X-CUBE-AZRTOS-L4.2.0.0
2025-08-11 09:06:49,463 [WARN] ConditionMgr:1044 - genDependencies : Invalid condition id : LAN8742 Phy interface Condition cause : null
2025-08-11 09:06:49,463 [WARN] ConditionMgr:1044 - genDependencies : Invalid condition id : LAN8742 Phy interface Condition cause : null
2025-08-11 09:06:49,463 [WARN] ConditionMgr:1044 - genDependencies : Invalid condition id : LAN8742 Phy interface Condition cause : null
2025-08-11 09:06:49,494 [WARN] PackLoader:240 - Cannot read IP mode file for STMicroelectronics.X-CUBE-SFXS2LP1.4.0.0
2025-08-11 09:06:49,526 [WARN] PackLoader:240 - Cannot read IP mode file for STMicroelectronics.X-CUBE-BLEMGR.4.1.0
2025-08-11 09:06:49,605 [WARN] ConditionMgr:438 - getConditionDescription Invalid condition id : UX DEVICE CLASS RTOS Condition cause : null
2025-08-11 09:06:49,605 [WARN] ConditionMgr:438 - getConditionDescription Invalid condition id : UX DEVICE CLASS RTOS Condition cause : null
2025-08-11 09:06:49,605 [WARN] PackLoader:240 - Cannot read IP mode file for STMicroelectronics.X-CUBE-AZRTOS-WB.2.0.0
2025-08-11 09:06:49,611 [WARN] ConditionMgr:1044 - genDependencies : Invalid condition id : UX DEVICE CLASS RTOS Condition cause : null
2025-08-11 09:06:49,611 [WARN] ConditionMgr:1044 - genDependencies : Invalid condition id : UX DEVICE CLASS RTOS Condition cause : null
2025-08-11 09:06:49,611 [WARN] ConditionMgr:1044 - genDependencies : Invalid condition id : UX DEVICE CLASS RTOS Condition cause : null
2025-08-11 09:06:49,611 [WARN] ConditionMgr:1044 - genDependencies : Invalid condition id : UX DEVICE CLASS RTOS Condition cause : null
2025-08-11 09:06:49,611 [WARN] ConditionMgr:1044 - genDependencies : Invalid condition id : UX DEVICE CLASS RTOS Condition cause : null
2025-08-11 09:06:49,636 [WARN] PackLoader:240 - Cannot read IP mode file for STMicroelectronics.X-CUBE-GNSS1.7.0.1
2025-08-11 09:06:49,668 [WARN] PackLoader:240 - Cannot read IP mode file for STMicroelectronics.X-CUBE-TOUCHGFX.4.25.0
2025-08-11 09:06:49,699 [WARN] ConditionMgr:438 - getConditionDescription Invalid condition id : Cortex-A Device cause : null
2025-08-11 09:06:49,731 [WARN] ConditionMgr:1044 - genDependencies : Invalid condition id : Cortex-A Device cause : null
2025-08-11 09:06:49,731 [WARN] ConditionMgr:1044 - genDependencies : Invalid condition id : Cortex-A Device cause : null
2025-08-11 09:06:49,731 [WARN] ConditionMgr:1044 - genDependencies : Invalid condition id : Cortex-A Device cause : null
2025-08-11 09:06:49,762 [WARN] PackLoader:240 - Cannot read IP mode file for STMicroelectronics.X-CUBE-SUBG2.5.0.0
2025-08-11 09:06:49,812 [WARN] PackLoader:240 - Cannot read IP mode file for STMicroelectronics.X-CUBE-AZRTOS-H7RS.1.1.0
2025-08-11 09:06:49,841 [WARN] PackLoader:240 - Cannot read IP mode file for Cesanta.I-CUBE-Mongoose.7.13.0
2025-08-11 09:06:49,872 [WARN] PackLoader:240 - Cannot read IP mode file for STMicroelectronics.X-CUBE-AZRTOS-G4.2.0.0
2025-08-11 09:06:49,888 [WARN] PackLoader:240 - Cannot read IP mode file for wolfSSL.I-CUBE-wolfSSH.1.4.20
2025-08-11 09:06:49,919 [WARN] PackLoader:240 - Cannot read IP mode file for STMicroelectronics.X-CUBE-NFC7.2.0.0
2025-08-11 09:06:49,936 [WARN] PackLoader:240 - Cannot read IP mode file for STMicroelectronics.X-CUBE-IPS.3.1.0
2025-08-11 09:06:49,967 [WARN] PackLoader:240 - Cannot read IP mode file for STMicroelectronics.X-CUBE-ALS.1.0.2
2025-08-11 09:06:49,982 [WARN] PackLoader:240 - Cannot read IP mode file for portGmbH.I-Cube-SoM-uGOAL.1.1.0
2025-08-11 09:06:50,014 [WARN] PackLoader:240 - Cannot read IP mode file for STMicroelectronics.X-CUBE-TOF1.3.4.3
2025-08-11 09:06:50,030 [INFO] ThirdParty:978 - Integrity check success = true
2025-08-11 09:06:50,030 [INFO] IntegrityCheckThread:100 - exiting critical section [integrity check]
2025-08-11 09:06:50,030 [INFO] IntegrityCheckThread:103 - End integrity checks thread
2025-08-11 09:06:50,030 [INFO] ThirdParty:873 - entering critical section [close project]
2025-08-11 09:06:50,030 [INFO] ThirdParty:883 - exiting critical section [close project]
2025-08-11 09:06:50,030 [INFO] PinOutPanel:1589 - setPackage(No Configuration,No Configuration)
2025-08-11 09:06:50,030 [INFO] UtilMem:75 - Begin LoadConfig() Used Memory: 183828440 Bytes (268435456)
2025-08-11 09:06:50,046 [INFO] MicroXplorer:468 - Change Database Path : 
2025-08-11 09:06:50,046 [INFO] MicroXplorer:498 - Change Database Version : DB.6.0.150
2025-08-11 09:06:50,046 [INFO] OpenFileManager:355 - Change cursor
2025-08-11 09:06:50,082 [INFO] Mcu:2029 - Initializing MCU STM32F103C(8-B)Tx STM32F103C8Tx STM32F103C8T6TR
2025-08-11 09:06:51,418 [INFO] Context:786 - Trying to add GPIOservice into a context  which must be forbidden
2025-08-11 09:06:51,827 [INFO] ImportTextPane:234 - (OptionalMessage_ERROR) Pin6 (VP_RIF_VS_RIF1) cannot be retrieved for this MCU
2025-08-11 09:06:51,921 [INFO] RtosManager:558 - Registered RTOS mode: class=CMSIS, group=RTOS, mode=CMSIS_V1, owner=FREERTOS
2025-08-11 09:06:51,921 [INFO] RtosManager:558 - Registered RTOS mode: class=CMSIS, group=RTOS2, mode=CMSIS_V2, owner=FREERTOS
2025-08-11 09:06:51,921 [INFO] RtosManager:558 - Registered RTOS mode: class=RTOS, group=Core, mode=CMSIS_V1, owner=FREERTOS
2025-08-11 09:06:51,921 [INFO] RtosManager:558 - Registered RTOS mode: class=RTOS, group=Core, mode=CMSIS_V2, owner=FREERTOS
2025-08-11 09:06:51,921 [WARN] ModelIntegratedComponent:184 - Missing modes for component STMicroelectronics:FreeRTOS:0.0.1:STMicroelectronics:RTOS:FreeRTOS:Core:::10.2.0:
2025-08-11 09:06:51,953 [WARN] ModelIntegratedComponent:63 - No mode defined for component null
2025-08-11 09:06:51,953 [WARN] ModelIntegratedComponent:63 - No mode defined for component null
2025-08-11 09:06:51,953 [WARN] ModelIntegratedComponent:63 - No mode defined for component null
2025-08-11 09:06:51,953 [WARN] ModelIntegratedComponent:63 - No mode defined for component null
2025-08-11 09:06:51,953 [WARN] ModelIntegratedComponent:63 - No mode defined for component null
2025-08-11 09:06:51,953 [WARN] ModelIntegratedComponent:63 - No mode defined for component null
2025-08-11 09:06:51,953 [WARN] ModelIntegratedComponent:63 - No mode defined for component null
2025-08-11 09:06:51,953 [WARN] ModelIntegratedComponent:63 - No mode defined for component null
2025-08-11 09:06:51,953 [WARN] ModelIntegratedComponent:63 - No mode defined for component null
2025-08-11 09:06:51,953 [WARN] ModelIntegratedComponent:63 - No mode defined for component null
2025-08-11 09:06:51,953 [WARN] ModelIntegratedComponent:63 - No mode defined for component null
2025-08-11 09:06:51,953 [WARN] ModelIntegratedComponent:63 - No mode defined for component null
2025-08-11 09:06:51,953 [WARN] ModelIntegratedComponent:63 - No mode defined for component null
2025-08-11 09:06:51,953 [WARN] ModelIntegratedComponent:63 - No mode defined for component null
2025-08-11 09:06:51,953 [WARN] ModelIntegratedComponent:63 - No mode defined for component null
2025-08-11 09:06:51,953 [WARN] ModelIntegratedComponent:63 - No mode defined for component null
2025-08-11 09:06:51,953 [WARN] ModelIntegratedComponent:63 - No mode defined for component null
2025-08-11 09:06:51,953 [WARN] ModelIntegratedComponent:63 - No mode defined for component null
2025-08-11 09:06:51,953 [WARN] ModelIntegratedComponent:63 - No mode defined for component null
2025-08-11 09:06:51,953 [WARN] ModelIntegratedComponent:63 - No mode defined for component null
2025-08-11 09:06:51,953 [WARN] ModelIntegratedComponent:63 - No mode defined for component null
2025-08-11 09:06:51,953 [WARN] ModelIntegratedComponent:63 - No mode defined for component null
2025-08-11 09:06:51,953 [WARN] ModelIntegratedComponent:63 - No mode defined for component null
2025-08-11 09:06:51,953 [WARN] ModelIntegratedComponent:63 - No mode defined for component null
2025-08-11 09:06:51,953 [WARN] ModelIntegratedComponent:63 - No mode defined for component null
2025-08-11 09:06:51,953 [WARN] ModelIntegratedComponent:63 - No mode defined for component null
2025-08-11 09:06:51,953 [WARN] ModelIntegratedComponent:63 - No mode defined for component null
2025-08-11 09:06:51,953 [WARN] ModelIntegratedComponent:63 - No mode defined for component null
2025-08-11 09:06:51,953 [WARN] ModelIntegratedComponent:63 - No mode defined for component null
2025-08-11 09:06:51,953 [WARN] ModelIntegratedComponent:63 - No mode defined for component null
2025-08-11 09:06:51,953 [WARN] ModelIntegratedComponent:63 - No mode defined for component null
2025-08-11 09:06:51,953 [WARN] ModelIntegratedComponent:63 - No mode defined for component null
2025-08-11 09:06:51,953 [WARN] ModelIntegratedComponent:63 - No mode defined for component null
2025-08-11 09:06:51,953 [WARN] ModelIntegratedComponent:63 - No mode defined for component null
2025-08-11 09:06:51,953 [WARN] ModelIntegratedComponent:63 - No mode defined for component null
2025-08-11 09:06:51,953 [WARN] ModelPack:524 - Component already loaded: STMicroelectronics:HAL Drivers:0.0.0:STMicroelectronics:Device:STMicro_Driver:XSPI:HAL::0.0.1:HAL_XSPI
2025-08-11 09:06:52,078 [INFO] ThirdPartyModel:298 - Start build external matchings
2025-08-11 09:06:52,582 [INFO] ThirdPartyModel:316 - End build external matchings
2025-08-11 09:06:53,047 [INFO] ApiDb:581 - Connected to CubeFinder SQLite database (C:\Users\sf94983\.stmcufinder\plugins\mcufinder\mcu\cube-finder-db.db)
2025-08-11 09:06:53,134 [INFO] ApiDb:668 - CubeFinder database Data Model version=2.1
2025-08-11 09:06:53,134 [INFO] ApiDb:669 - CubeFinder database Configuration version=3.0.39
2025-08-11 09:06:53,134 [INFO] ApiDb:670 - CubeFinder database generation date=2025-07-24 (1753349077)
2025-08-11 09:06:53,134 [INFO] ApiDb:671 - CubeFinder database FW Pack versions=[FP-ATR-ASTRA1_V2.0.0, FP-SNS-FLIGHT1_V5.1.0, FP-SNS-MOTENV1_V5.0.0, FP-SNS-MOTENVWB1_V1.4.0, FP-SNS-SMARTAG2_V1.2.0, FP-SNS-STBOX1_V2.0.0, STM32Cube_FW_C0_V1.4.0, STM32Cube_FW_F4_V1.28.2, STM32Cube_FW_F7_V1.17.3, STM32Cube_FW_G0_V1.6.2, STM32Cube_FW_G4_V1.6.1, STM32Cube_FW_H5_V1.5.0, STM32Cube_FW_H7RS_V1.2.0, STM32Cube_FW_H7_V1.12.1, STM32Cube_FW_L0_V1.12.2, STM32Cube_FW_L4_V1.18.1, STM32Cube_FW_L5_V1.5.1, STM32Cube_FW_N6_V1.2.0, STM32Cube_FW_U0_V1.3.0, STM32Cube_FW_U3_V1.2.0, STM32Cube_FW_U5_V1.8.0, STM32Cube_FW_WB0_V1.3.0, STM32Cube_FW_WBA_V1.7.0, STM32Cube_FW_WB_V1.23.0, STM32Cube_FW_WL3_V1.2.0, STM32Cube_FW_WL_V1.3.1, X-CUBE-ALGOBUILD_V1.4.0, X-CUBE-ALS_V1.0.2, X-CUBE-AZRTOS-F4_V1.1.0, X-CUBE-AZRTOS-F7_V1.1.0, X-CUBE-AZRTOS-G0_V1.1.0, X-CUBE-AZRTOS-G4_V2.0.0, X-CUBE-AZRTOS-H7RS_V1.1.0, X-CUBE-AZRTOS-H7_V3.4.0, X-CUBE-AZRTOS-L4_V2.0.0, X-CUBE-AZRTOS-L5_V2.0.0, X-CUBE-AZRTOS-WB_V2.0.0, X-CUBE-AZRTOS-WL_V2.0.0, X-CUBE-BLE1_V7.1.0, X-CUBE-BLE2_V3.3.0, X-CUBE-BLEMGR_V4.1.0, X-CUBE-EEPRMA1_V5.2.0, X-CUBE-FREERTOS_V1.3.1, X-CUBE-GNSS1_V6.0.0, X-CUBE-MEMS1_V11.3.0, X-CUBE-NFC4_V3.0.0, X-CUBE-NFC7_V2.0.0, X-CUBE-SFXS2LP1_V4.0.0, X-CUBE-ST67W61_V1.0.0, X-CUBE-SUBG2_V5.0.0, X-CUBE-TOF1_V3.4.3]
2025-08-11 09:06:53,196 [INFO] DbBoardsSqlite:226 - include board P-NUCLEO-WB55-NUCLEO as a kit item of type 'Nucleo-64'
2025-08-11 09:06:53,196 [INFO] DbBoardsSqlite:226 - include board P-NUCLEO-WB55-USBDONGLE as a kit item of type 'Nucleo USB Dongle'
2025-08-11 09:06:53,196 [INFO] DbBoardsSqlite:226 - include board STEVAL-IDP005V1 as a kit item of type 'Evaluation Board'
2025-08-11 09:06:53,196 [INFO] DbBoardsSqlite:226 - include board STEVAL-IDP005V2 as a kit item of type 'Evaluation Board'
2025-08-11 09:06:53,290 [INFO] ApiDb:240 - Found 880 in-development CPN: [B-G473E-ZEST1S, B-WB1M-WPAN1, B-WBA5M-WPAN, B-WL5M-SUBG1, NUCLEO-C031C6, NUCLEO-C051C8, NUCLEO-C071RB, NUCLEO-C092RC, NUCLEO-H503RB, NUCLEO-H533RE, NUCLEO-H563ZI, NUCLEO-H7S3L8, NUCLEO-N657X0-Q, NUCLEO-U031R8, NUCLEO-U083RC, NUCLEO-U385RG-Q, NUCLEO-U545RE-Q, NUCLEO-U5A5ZJ-Q, NUCLEO-WB05KZ, NUCLEO-WB07CC, NUCLEO-WB09KE, NUCLEO-WBA52CG, NUCLEO-WBA55CG, NUCLEO-WL33CC1, NUCLEO-WL33CC2, STEVAL-PROTEUS1, STEVAL-SMARTAG2, STEVAL-STWINBX1, STM320518-EVAL, STM32C0116-DK, STM32C011D6Y3TR, STM32C011D6Y6TR, STM32C011F4P3, STM32C011F4P6, STM32C011F4U3, STM32C011F4U6TR, STM32C011F6P3, STM32C011F6P6, STM32C011F6U3, STM32C011F6U6TR, STM32C011J4M3, STM32C011J4M6, STM32C011J6M3, STM32C011J6M6, STM32C0316-DK, STM32C031C4T3, STM32C031C4T6, STM32C031C4U3, STM32C031C4U6, STM32C031C6T3, STM32C031C6T6, STM32C031C6U3, STM32C031C6U6, STM32C031F4P3, STM32C031F4P6, STM32C031F6P3, STM32C031F6P6, STM32C031G4U3, STM32C031G4U6, STM32C031G6U3, STM32C031G6U6, STM32C031K4T3, STM32C031K4T6, STM32C031K4U3, STM32C031K4U6, STM32C031K6T3, STM32C031K6T6, STM32C031K6U3, STM32C031K6U6, STM32C051C6T6, STM32C051C6U6, STM32C051C8T6, STM32C051C8U6, STM32C051D8Y6TR, STM32C051F6P6, STM32C051F8P6, STM32C051G6U6, STM32C051G8U6, STM32C051K6T6, STM32C051K6U6, STM32C051K8T6, STM32C071C8T6, STM32C071C8T6N, STM32C071C8U6, STM32C071C8U6N, STM32C071CBT6, STM32C071CBT6N, STM32C071CBU6, STM32C071CBU6N, STM32C071F8P6, STM32C071F8P6N, STM32C071FBP6, STM32C071FBP6N, STM32C071FBY6TR, STM32C071G8U6, STM32C071G8U6N, STM32C071GBU6, STM32C071GBU6N, STM32C071K8T6, STM32C071K8T6N, STM32C071K8U6, STM32C071K8U6N, STM32C071KBT6, STM32C071KBT6N, STM32C071KBU6, STM32C071KBU6N, STM32C071R8T6, STM32C071R8T6N, STM32C071RBI6N, STM32C071RBT6, STM32C071RBT6N, STM32C091CBT6, STM32C091CBU6, STM32C091CCT6, STM32C091CCU6, STM32C091ECY6TR, STM32C091FBP6, STM32C091FCP6, STM32C091GBU6, STM32C091GCU6, STM32C091KBT6, STM32C091KBU6, STM32C091KCT6, STM32C091KCU6, STM32C091RBT6, STM32C091RCI6, STM32C091RCT6, STM32C092CBT6, STM32C092CBU6, STM32C092CCT6, STM32C092CCU6, STM32C092ECY6TR, STM32C092FBP6, STM32C092FCP6, STM32C092GBU6, STM32C092GCU6, STM32C092KBT6, STM32C092KBU6, STM32C092KCT6, STM32C092KCU6, STM32C092RBT6, STM32C092RCI6, STM32C092RCT6, STM32G071K8TXN, STM32G071K8UXN, STM32G081GBU6N, STM32G081KBT6N, STM32G081KBUXN, STM32G0B1CCT6N, STM32G0B1KCT6, STM32G0B1NEY6TR, STM32G0B1RCT6N, STM32G0C1CCT6, STM32G0C1CCT6N, STM32G0C1CCU6N, STM32G0C1CET6N, STM32G0C1CEU6N, STM32G0C1KCT6, STM32G0C1NEY6TR, STM32G0C1RCI6N, STM32G0C1RCT6N, STM32G0C1REI6N, STM32G0C1RET6N, STM32G0C1VCI6, STM32G0C1VEI6, STM32G411C6T3, STM32G411C6T6, STM32G411C6U3, STM32G411C6U6, STM32G411C8T3, STM32G411C8T6, STM32G411C8U3, STM32G411C8U6, STM32G411CBT3, STM32G411CBT6, STM32G411CBU3, STM32G411CBU6, STM32G411K6T3, STM32G411K6T6, STM32G411K6U3, STM32G411K6U6, STM32G411K8T3, STM32G411K8T6, STM32G411K8U3, STM32G411K8U6, STM32G411KBT3, STM32G411KBT6, STM32G411KBU3, STM32G411KBU6, STM32G411M6T3, STM32G411M6T6, STM32G411M8T3, STM32G411M8T6, STM32G411MBT3, STM32G411MBT6, STM32G411R6T3, STM32G411R6T6, STM32G411R8T3, STM32G411R8T6, STM32G411RBT3, STM32G411RBT6, STM32G414CBT3, STM32G414CBT6, STM32G414CBU3, STM32G414CBU6, STM32G414CCT3, STM32G414CCT6, STM32G414CCU3, STM32G414CCU6, STM32G414MBT3, STM32G414MBT6, STM32G414MCT3, STM32G414MCT6, STM32G414RBT3, STM32G414RBT6, STM32G414RCT3, STM32G414RCT6, STM32G414VBT3, STM32G414VBT6, STM32G414VCT3, STM32G414VCT6, STM32G431CBT3Z, STM32G431RBT3Z, STM32G471CCT6, STM32G471CCU6, STM32G471CET3, STM32G471CET6, STM32G471CEU3, STM32G471CEU6, STM32G471MCT6, STM32G471MET3, STM32G471MET6, STM32G471MEY6TR, STM32G471QCT6, STM32G471QET3, STM32G471RCT6, STM32G471RET3, STM32G471RET6, STM32G471VCH6, STM32G471VCI6, STM32G471VCT6, STM32G471VEH3, STM32G471VEH6, STM32G471VEI3, STM32G471VEI6, STM32G471VET3, STM32G471VET6, STM32G473QET3Z, STM32G473RET3Z, STM32G474CCT6, STM32G491RET3Z, STM32H503CBT6, STM32H503CBU6, STM32H503EBY6TR, STM32H503KBU6, STM32H503RBT6, STM32H523CCT6, STM32H523CCU6, STM32H523CET6, STM32H523CEU6, STM32H523HEY6TR, STM32H523RCT6, STM32H523RET6, STM32H523VCI6, STM32H523VCT6, STM32H523VEI6, STM32H523VET6, STM32H523ZCJ6, STM32H523ZCT6, STM32H523ZEJ6, STM32H523ZET6, STM32H533CET6, STM32H533CEU6, STM32H533HEY6TR, STM32H533RET6, STM32H533VEI6, STM32H533VET6, STM32H533ZEJ6, STM32H533ZET6, STM32H562AGI6, STM32H562AII6, STM32H562IGK6, STM32H562IGT6, STM32H562IIK6, STM32H562IIT6, STM32H562RGT6, STM32H562RGV6, STM32H562RIT6, STM32H562RIV6, STM32H562VGT6, STM32H562VIT6, STM32H562ZGT6, STM32H562ZIT6, STM32H563AGI6, STM32H563AII3Q, STM32H563AII6, STM32H563IGK6, STM32H563IGT6, STM32H563IIK3Q, STM32H563IIK6, STM32H563IIT3Q, STM32H563IIT6, STM32H563MIY3QTR, STM32H563RGT6, STM32H563RGV6, STM32H563RIT6, STM32H563RIV6, STM32H563VGT6, STM32H563VIT3Q, STM32H563VIT6, STM32H563ZGT6, STM32H563ZIT3Q, STM32H563ZIT6, STM32H573AII3Q, STM32H573AII6, STM32H573I-DK, STM32H573IIK3Q, STM32H573IIK6, STM32H573IIT3Q, STM32H573IIT6, STM32H573MIY3QTR, STM32H573RIT6, STM32H573RIV6, STM32H573VIT3Q, STM32H573VIT6, STM32H573ZIT3Q, STM32H573ZIT6, STM32H7R3A8I6, STM32H7R3I8K6, STM32H7R3I8T6, STM32H7R3L8H6, STM32H7R3L8H6H, STM32H7R3R8V6, STM32H7R3V8H6, STM32H7R3V8T6, STM32H7R3V8Y6TR, STM32H7R3Z8J6, STM32H7R3Z8T6, STM32H7R7A8I6, STM32H7R7I8K6, STM32H7R7I8T6, STM32H7R7L8H6, STM32H7R7L8H6H, STM32H7R7Z8J6, STM32H7S3A8I6, STM32H7S3I8K6, STM32H7S3I8T6, STM32H7S3L8H6, STM32H7S3L8H6H, STM32H7S3R8V6, STM32H7S3V8H6, STM32H7S3V8T6, STM32H7S3V8Y6TR, STM32H7S3Z8J6, STM32H7S3Z8T6, STM32H7S78-DK, STM32H7S7A8I6, STM32H7S7I8K6, STM32H7S7I8T6, STM32H7S7L8H6, STM32H7S7L8H6H, STM32H7S7Z8J6, STM32L4R5QGI6STR, STM32MP131AAE3, STM32MP131AAF3, STM32MP131AAG3, STM32MP131CAE3, STM32MP131CAF3, STM32MP131CAG3, STM32MP131DAE7, STM32MP131DAF7, STM32MP131DAG7, STM32MP131FAE7, STM32MP131FAF7, STM32MP131FAG7, STM32MP133AAE3, STM32MP133AAF3, STM32MP133AAG3, STM32MP133CAE3, STM32MP133CAF3, STM32MP133CAG3, STM32MP133DAE7, STM32MP133DAF7, STM32MP133DAG7, STM32MP133FAE7, STM32MP133FAF7, STM32MP133FAG7, STM32MP135AAE3, STM32MP135AAF3, STM32MP135AAG3, STM32MP135CAE3, STM32MP135CAF3, STM32MP135CAG3, STM32MP135DAE7, STM32MP135DAF7, STM32MP135DAG7, STM32MP135F-DK, STM32MP135FAE7, STM32MP135FAF7, STM32MP135FAF7T, STM32MP135FAF7U, STM32MP135FAG7, STM32MP211AAL3, STM32MP211AAM3, STM32MP211AAN3, STM32MP211AAO3, STM32MP211CAL3, STM32MP211CAM3, STM32MP211CAN3, STM32MP211CAO3, STM32MP211DAL3, STM32MP211DAM3, STM32MP211DAN3, STM32MP211DAO3, STM32MP211FAL3, STM32MP211FAM3, STM32MP211FAN3, STM32MP211FAO3, STM32MP213AAL3, STM32MP213AAM3, STM32MP213AAN3, STM32MP213AAO3, STM32MP213CAL3, STM32MP213CAM3, STM32MP213CAN3, STM32MP213CAO3, STM32MP213DAL3, STM32MP213DAM3, STM32MP213DAN3, STM32MP213DAO3, STM32MP213FAL3, STM32MP213FAM3, STM32MP213FAN3, STM32MP213FAO3, STM32MP215AAL3, STM32MP215AAM3, STM32MP215AAN3, STM32MP215AAO3, STM32MP215CAL3, STM32MP215CAM3, STM32MP215CAN3, STM32MP215CAO3, STM32MP215DAL3, STM32MP215DAM3, STM32MP215DAN3, STM32MP215DAO3, STM32MP215F-DK, STM32MP215FAL3, STM32MP215FAM3, STM32MP215FAN3, STM32MP215FAO3, STM32MP231AAJ3, STM32MP231AAK3, STM32MP231AAL3, STM32MP231CAJ3, STM32MP231CAK3, STM32MP231CAL3, STM32MP231DAJ3, STM32MP231DAK3, STM32MP231DAL3, STM32MP231FAJ3, STM32MP231FAK3, STM32MP231FAL3, STM32MP233AAJ3, STM32MP233AAK3, STM32MP233AAL3, STM32MP233CAJ3, STM32MP233CAK3, STM32MP233CAL3, STM32MP233DAJ3, STM32MP233DAK3, STM32MP233DAL3, STM32MP233FAJ3, STM32MP233FAK3, STM32MP233FAL3, STM32MP235AAJ3, STM32MP235AAK3, STM32MP235AAL3, STM32MP235CAJ3, STM32MP235CAK3, STM32MP235CAL3, STM32MP235DAJ3, STM32MP235DAK3, STM32MP235DAL3, STM32MP235FAJ3, STM32MP235FAK3, STM32MP235FAL3, STM32MP251AAI3, STM32MP251AAK3, STM32MP251AAL3, STM32MP251CAI3, STM32MP251CAK3, STM32MP251CAL3, STM32MP251DAI3, STM32MP251DAK3, STM32MP251DAL3, STM32MP251FAI3, STM32MP251FAK3, STM32MP251FAL3, STM32MP253AAI3, STM32MP253AAK3, STM32MP253AAL3, STM32MP253CAI3, STM32MP253CAK3, STM32MP253CAL3, STM32MP253DAI3, STM32MP253DAK3, STM32MP253DAL3, STM32MP253FAI3, STM32MP253FAK3, STM32MP253FAL3, STM32MP255AAI3, STM32MP255AAK3, STM32MP255AAL3, STM32MP255CAI3, STM32MP255CAK3, STM32MP255CAL3, STM32MP255DAI3, STM32MP255DAK3, STM32MP255DAL3, STM32MP255FAI3, STM32MP255FAK3, STM32MP255FAL3, STM32MP257AAI3, STM32MP257AAK3, STM32MP257AAL3, STM32MP257CAI3, STM32MP257CAK3, STM32MP257CAL3, STM32MP257DAI3, STM32MP257DAK3, STM32MP257DAL3, STM32MP257F-DK, STM32MP257F-EV1, STM32MP257FAI3, STM32MP257FAK3, STM32MP257FAL3, STM32N645A0H3Q, STM32N645B0H3Q, STM32N645I0H3Q, STM32N645L0H3Q, STM32N645X0H3Q, STM32N645Z0H3Q, STM32N647A0H3Q, STM32N647B0H3Q, STM32N647I0H3Q, STM32N647L0H3Q, STM32N647X0H3Q, STM32N647Z0H3Q, STM32N655A0H3Q, STM32N655B0H3Q, STM32N655I0H3Q, STM32N655L0H3Q, STM32N655X0H3Q, STM32N655Z0H3Q, STM32N6570-DK, STM32N657A0H3Q, STM32N657B0H3Q, STM32N657I0H3Q, STM32N657L0H3Q, STM32N657X0H3Q, STM32N657Z0H3Q, STM32U031C6T6, STM32U031C6U6, STM32U031C8T6, STM32U031C8U6, STM32U031F4P6, STM32U031F6P6, STM32U031F8P6, STM32U031G6Y6TR, STM32U031G8Y6TR, STM32U031K4U6, STM32U031K6U6, STM32U031K8U6, STM32U031R6I6, STM32U031R6T6, STM32U031R8I6, STM32U031R8T6, STM32U073C8T6, STM32U073C8U6, STM32U073CBT6, STM32U073CBU6, STM32U073CCT6, STM32U073CCU6, STM32U073H8Y6TR, STM32U073HBY6TR, STM32U073HCY6TR, STM32U073K8U6, STM32U073KBU6, STM32U073KCU6, STM32U073M8I6, STM32U073M8T6, STM32U073MBI6, STM32U073MBT6, STM32U073MCI6, STM32U073MCT6, STM32U073R8I6, STM32U073R8T6, STM32U073RBI6, STM32U073RBT6, STM32U073RCI6, STM32U073RCT6, STM32U083C-DK, STM32U083CCT6, STM32U083CCU6, STM32U083HCY6TR, STM32U083KCU6, STM32U083MCI6, STM32U083MCT6, STM32U083RCI6, STM32U083RCT6, STM32U375CET6, STM32U375CET6Q, STM32U375CEU6, STM32U375CEU6Q, STM32U375CEY6QTR, STM32U375CGT6, STM32U375CGT6Q, STM32U375CGU6, STM32U375CGU6Q, STM32U375CGY6QTR, STM32U375KEU6, STM32U375KGU6, STM32U375REI6, STM32U375REI6Q, STM32U375RET6, STM32U375RET6Q, STM32U375REY6GTR, STM32U375REY6QTR, STM32U375RGI6, STM32U375RGI6Q, STM32U375RGT6, STM32U375RGT6Q, STM32U375RGY6GTR, STM32U375RGY6QTR, STM32U375VEI6, STM32U375VEI6Q, STM32U375VET6, STM32U375VET6Q, STM32U375VGI6, STM32U375VGI6Q, STM32U375VGT6, STM32U375VGT6Q, STM32U385CGT6, STM32U385CGT6Q, STM32U385CGU6, STM32U385CGU6Q, STM32U385CGY6QTR, STM32U385KGU6, STM32U385RGI6, STM32U385RGI6Q, STM32U385RGT6, STM32U385RGT6Q, STM32U385RGY6GTR, STM32U385RGY6QTR, STM32U385VGI6, STM32U385VGI6Q, STM32U385VGT6, STM32U385VGT6Q, STM32U535CBT6, STM32U535CBT6Q, STM32U535CBU6, STM32U535CBU6Q, STM32U535CCT6, STM32U535CCT6Q, STM32U535CCU6, STM32U535CCU6Q, STM32U535CET6, STM32U535CET6Q, STM32U535CEU6, STM32U535CEU6Q, STM32U535JEY6QTR, STM32U535NCY6QTR, STM32U535NEY6QTR, STM32U535RBI6, STM32U535RBI6Q, STM32U535RBT6, STM32U535RBT6Q, STM32U535RCI6, STM32U535RCI6Q, STM32U535RCT6, STM32U535RCT6Q, STM32U535REI6, STM32U535REI6Q, STM32U535RET6, STM32U535RET6Q, STM32U535VCI6, STM32U535VCI6Q, STM32U535VCT6, STM32U535VCT6Q, STM32U535VEI6, STM32U535VEI6Q, STM32U535VET6, STM32U535VET6Q, STM32U545CET6, STM32U545CET6Q, STM32U545CEU6, STM32U545CEU6Q, STM32U545JEY6QTR, STM32U545NEY6QTR, STM32U545REI6, STM32U545REI6Q, STM32U545RET6, STM32U545RET6Q, STM32U545VEI6, STM32U545VEI6Q, STM32U545VET6, STM32U545VET6Q, STM32U595AIH6, STM32U595AIH6Q, STM32U595AJH6, STM32U595AJH6Q, STM32U595QII6, STM32U595QII6Q, STM32U595QJI6, STM32U595QJI6Q, STM32U595RIT6, STM32U595RIT6Q, STM32U595RJT6, STM32U595RJT6Q, STM32U595VIT6, STM32U595VIT6Q, STM32U595VJT6, STM32U595VJT6Q, STM32U595ZIT6, STM32U595ZIT6Q, STM32U595ZIY6QTR, STM32U595ZJT6, STM32U595ZJT6Q, STM32U595ZJY6QTR, STM32U599BJY6QTR, STM32U599NIH6Q, STM32U599NJH6Q, STM32U599VIT6Q, STM32U599VJT6, STM32U599VJT6Q, STM32U599ZIT6Q, STM32U599ZIY6QTR, STM32U599ZJT6Q, STM32U599ZJY6QTR, STM32U5A5AJH6, STM32U5A5AJH6Q, STM32U5A5QII3Q , STM32U5A5QJI6, STM32U5A5QJI6Q, STM32U5A5RJT6, STM32U5A5RJT6Q, STM32U5A5VJT6, STM32U5A5VJT6Q, STM32U5A5ZJT6, STM32U5A5ZJT6Q, STM32U5A5ZJY6QTR, STM32U5A9BJY6QTR, STM32U5A9J-DK, STM32U5A9NJH6Q, STM32U5A9VJT6Q, STM32U5A9ZJT6Q, STM32U5A9ZJY6QTR, STM32U5F7VIT6, STM32U5F7VIT6Q, STM32U5F7VJT6, STM32U5F7VJT6Q, STM32U5F9BJY6QTR, STM32U5F9NJH6Q, STM32U5F9VIT6Q, STM32U5F9VJT6Q, STM32U5F9ZIJ6QTR, STM32U5F9ZIT6Q, STM32U5F9ZJJ6QTR, STM32U5F9ZJT6Q, STM32U5G7VJT6, STM32U5G7VJT6Q, STM32U5G9BJY6QTR, STM32U5G9J-DK1, STM32U5G9J-DK2, STM32U5G9NJH6Q, STM32U5G9VJT6Q, STM32U5G9ZJJ6QTR, STM32U5G9ZJT6Q, STM32WB05KZV6TR, STM32WB05KZV7TR, STM32WB05TZF6TR, STM32WB05TZF7TR, STM32WB06CCF6TR, STM32WB06CCF7TR, STM32WB06CCV6TR, STM32WB06CCV7TR, STM32WB06KCV6TR, STM32WB06KCV7TR, STM32WB07CCF6TR, STM32WB07CCF7TR, STM32WB07CCV6TR, STM32WB07CCV7TR, STM32WB07KCV6TR, STM32WB07KCV7TR, STM32WB09KEV6TR, STM32WB09KEV7TR, STM32WB09TEF6TR, STM32WB09TEF7TR, STM32WB1MMCH6, STM32WBA50KGU6, STM32WBA50KGU6TR, STM32WBA52CEU6, STM32WBA52CEU6TR, STM32WBA52CEU7, STM32WBA52CEU7TR, STM32WBA52CGU6, STM32WBA52CGU6TR, STM32WBA52CGU6U, STM32WBA52CGU7, STM32WBA52CGU7TR, STM32WBA52KEU6, STM32WBA52KEU6TR, STM32WBA52KGU6, STM32WBA52KGU6TR, STM32WBA54CEU6, STM32WBA54CEU6TR, STM32WBA54CEU7, STM32WBA54CEU7TR, STM32WBA54CGU6, STM32WBA54CGU6TR, STM32WBA54CGU7, STM32WBA54CGU7TR, STM32WBA54KEU6, STM32WBA54KEU6TR, STM32WBA54KEU7, STM32WBA54KEU7TR, STM32WBA54KGU6, STM32WBA54KGU6TR, STM32WBA54KGU7, STM32WBA54KGU7TR, STM32WBA55CEU6, STM32WBA55CEU6TR, STM32WBA55CEU7, STM32WBA55CEU7TR, STM32WBA55CGU6, STM32WBA55CGU6TR, STM32WBA55CGU6U, STM32WBA55CGU7, STM32WBA55CGU7TR, STM32WBA55G-DK1, STM32WBA55HEF6, STM32WBA55HEF7, STM32WBA55HGF6, STM32WBA55HGF7, STM32WBA55UEI6, STM32WBA55UEI6TR, STM32WBA55UEI7, STM32WBA55UEI7TR, STM32WBA55UGI6, STM32WBA55UGI6TR, STM32WBA55UGI7, STM32WBA55UGI7TR, STM32WBA5MMGH6TR, STM32WBA62MGF6, STM32WBA62MIF6, STM32WBA65MGF7, STM32WBA65MIF6, STM32WBA65MIF7, STM32WL30K8V6, STM32WL30KBV6, STM32WL31C8V6, STM32WL31CBV6, STM32WL31K8V6, STM32WL31KBV6, STM32WL33C8V6, STM32WL33C8V6X, STM32WL33CBV6, STM32WL33CBV6X, STM32WL33CCV6, STM32WL33CCV6A, STM32WL33CCV6X, STM32WL33K8V7, STM32WL33K8V7X, STM32WL33KBV7 , STM32WL33KBV7X, STM32WL33KCV7, STM32WL33KCV7X, STM32WL5MOCH6, STM32WL5MOCH6TR]
2025-08-11 09:06:53,557 [INFO] BoardInfo:889 - No configuration file found for board P-NUCLEO-WB55
2025-08-11 09:06:53,572 [INFO] DbBoards:161 - Kit is not supported: P-NUCLEO-WB55
2025-08-11 09:06:53,572 [INFO] BoardInfo:889 - No configuration file found for board STEVAL-BFA001V1B
2025-08-11 09:06:53,572 [INFO] DbBoards:161 - Kit is not supported: STEVAL-BFA001V1B
2025-08-11 09:06:53,572 [INFO] BoardInfo:889 - No configuration file found for board STEVAL-BFA001V2B
2025-08-11 09:06:53,572 [INFO] DbBoards:161 - Kit is not supported: STEVAL-BFA001V2B
2025-08-11 09:06:53,839 [INFO] DbBoards:168 - Found 212 boards, 209 are supported
2025-08-11 09:06:53,839 [INFO] DbBoards:169 - Found 212 boards, 43 of them is supported for  Bsp
2025-08-11 09:06:53,855 [INFO] ApiDb:668 - CubeFinder database Data Model version=2.1
2025-08-11 09:06:53,855 [INFO] ApiDb:669 - CubeFinder database Configuration version=3.0.39
2025-08-11 09:06:53,855 [INFO] ApiDb:670 - CubeFinder database generation date=2025-07-24 (1753349077)
2025-08-11 09:06:53,855 [INFO] ApiDb:671 - CubeFinder database FW Pack versions=[FP-ATR-ASTRA1_V2.0.0, FP-SNS-FLIGHT1_V5.1.0, FP-SNS-MOTENV1_V5.0.0, FP-SNS-MOTENVWB1_V1.4.0, FP-SNS-SMARTAG2_V1.2.0, FP-SNS-STBOX1_V2.0.0, STM32Cube_FW_C0_V1.4.0, STM32Cube_FW_F4_V1.28.2, STM32Cube_FW_F7_V1.17.3, STM32Cube_FW_G0_V1.6.2, STM32Cube_FW_G4_V1.6.1, STM32Cube_FW_H5_V1.5.0, STM32Cube_FW_H7RS_V1.2.0, STM32Cube_FW_H7_V1.12.1, STM32Cube_FW_L0_V1.12.2, STM32Cube_FW_L4_V1.18.1, STM32Cube_FW_L5_V1.5.1, STM32Cube_FW_N6_V1.2.0, STM32Cube_FW_U0_V1.3.0, STM32Cube_FW_U3_V1.2.0, STM32Cube_FW_U5_V1.8.0, STM32Cube_FW_WB0_V1.3.0, STM32Cube_FW_WBA_V1.7.0, STM32Cube_FW_WB_V1.23.0, STM32Cube_FW_WL3_V1.2.0, STM32Cube_FW_WL_V1.3.1, X-CUBE-ALGOBUILD_V1.4.0, X-CUBE-ALS_V1.0.2, X-CUBE-AZRTOS-F4_V1.1.0, X-CUBE-AZRTOS-F7_V1.1.0, X-CUBE-AZRTOS-G0_V1.1.0, X-CUBE-AZRTOS-G4_V2.0.0, X-CUBE-AZRTOS-H7RS_V1.1.0, X-CUBE-AZRTOS-H7_V3.4.0, X-CUBE-AZRTOS-L4_V2.0.0, X-CUBE-AZRTOS-L5_V2.0.0, X-CUBE-AZRTOS-WB_V2.0.0, X-CUBE-AZRTOS-WL_V2.0.0, X-CUBE-BLE1_V7.1.0, X-CUBE-BLE2_V3.3.0, X-CUBE-BLEMGR_V4.1.0, X-CUBE-EEPRMA1_V5.2.0, X-CUBE-FREERTOS_V1.3.1, X-CUBE-GNSS1_V6.0.0, X-CUBE-MEMS1_V11.3.0, X-CUBE-NFC4_V3.0.0, X-CUBE-NFC7_V2.0.0, X-CUBE-SFXS2LP1_V4.0.0, X-CUBE-ST67W61_V1.0.0, X-CUBE-SUBG2_V5.0.0, X-CUBE-TOF1_V3.4.3]
2025-08-11 09:06:55,662 [INFO] ApiDb:240 - Found 880 in-development CPN: [B-G473E-ZEST1S, B-WB1M-WPAN1, B-WBA5M-WPAN, B-WL5M-SUBG1, NUCLEO-C031C6, NUCLEO-C051C8, NUCLEO-C071RB, NUCLEO-C092RC, NUCLEO-H503RB, NUCLEO-H533RE, NUCLEO-H563ZI, NUCLEO-H7S3L8, NUCLEO-N657X0-Q, NUCLEO-U031R8, NUCLEO-U083RC, NUCLEO-U385RG-Q, NUCLEO-U545RE-Q, NUCLEO-U5A5ZJ-Q, NUCLEO-WB05KZ, NUCLEO-WB07CC, NUCLEO-WB09KE, NUCLEO-WBA52CG, NUCLEO-WBA55CG, NUCLEO-WL33CC1, NUCLEO-WL33CC2, STEVAL-PROTEUS1, STEVAL-SMARTAG2, STEVAL-STWINBX1, STM320518-EVAL, STM32C0116-DK, STM32C011D6Y3TR, STM32C011D6Y6TR, STM32C011F4P3, STM32C011F4P6, STM32C011F4U3, STM32C011F4U6TR, STM32C011F6P3, STM32C011F6P6, STM32C011F6U3, STM32C011F6U6TR, STM32C011J4M3, STM32C011J4M6, STM32C011J6M3, STM32C011J6M6, STM32C0316-DK, STM32C031C4T3, STM32C031C4T6, STM32C031C4U3, STM32C031C4U6, STM32C031C6T3, STM32C031C6T6, STM32C031C6U3, STM32C031C6U6, STM32C031F4P3, STM32C031F4P6, STM32C031F6P3, STM32C031F6P6, STM32C031G4U3, STM32C031G4U6, STM32C031G6U3, STM32C031G6U6, STM32C031K4T3, STM32C031K4T6, STM32C031K4U3, STM32C031K4U6, STM32C031K6T3, STM32C031K6T6, STM32C031K6U3, STM32C031K6U6, STM32C051C6T6, STM32C051C6U6, STM32C051C8T6, STM32C051C8U6, STM32C051D8Y6TR, STM32C051F6P6, STM32C051F8P6, STM32C051G6U6, STM32C051G8U6, STM32C051K6T6, STM32C051K6U6, STM32C051K8T6, STM32C071C8T6, STM32C071C8T6N, STM32C071C8U6, STM32C071C8U6N, STM32C071CBT6, STM32C071CBT6N, STM32C071CBU6, STM32C071CBU6N, STM32C071F8P6, STM32C071F8P6N, STM32C071FBP6, STM32C071FBP6N, STM32C071FBY6TR, STM32C071G8U6, STM32C071G8U6N, STM32C071GBU6, STM32C071GBU6N, STM32C071K8T6, STM32C071K8T6N, STM32C071K8U6, STM32C071K8U6N, STM32C071KBT6, STM32C071KBT6N, STM32C071KBU6, STM32C071KBU6N, STM32C071R8T6, STM32C071R8T6N, STM32C071RBI6N, STM32C071RBT6, STM32C071RBT6N, STM32C091CBT6, STM32C091CBU6, STM32C091CCT6, STM32C091CCU6, STM32C091ECY6TR, STM32C091FBP6, STM32C091FCP6, STM32C091GBU6, STM32C091GCU6, STM32C091KBT6, STM32C091KBU6, STM32C091KCT6, STM32C091KCU6, STM32C091RBT6, STM32C091RCI6, STM32C091RCT6, STM32C092CBT6, STM32C092CBU6, STM32C092CCT6, STM32C092CCU6, STM32C092ECY6TR, STM32C092FBP6, STM32C092FCP6, STM32C092GBU6, STM32C092GCU6, STM32C092KBT6, STM32C092KBU6, STM32C092KCT6, STM32C092KCU6, STM32C092RBT6, STM32C092RCI6, STM32C092RCT6, STM32G071K8TXN, STM32G071K8UXN, STM32G081GBU6N, STM32G081KBT6N, STM32G081KBUXN, STM32G0B1CCT6N, STM32G0B1KCT6, STM32G0B1NEY6TR, STM32G0B1RCT6N, STM32G0C1CCT6, STM32G0C1CCT6N, STM32G0C1CCU6N, STM32G0C1CET6N, STM32G0C1CEU6N, STM32G0C1KCT6, STM32G0C1NEY6TR, STM32G0C1RCI6N, STM32G0C1RCT6N, STM32G0C1REI6N, STM32G0C1RET6N, STM32G0C1VCI6, STM32G0C1VEI6, STM32G411C6T3, STM32G411C6T6, STM32G411C6U3, STM32G411C6U6, STM32G411C8T3, STM32G411C8T6, STM32G411C8U3, STM32G411C8U6, STM32G411CBT3, STM32G411CBT6, STM32G411CBU3, STM32G411CBU6, STM32G411K6T3, STM32G411K6T6, STM32G411K6U3, STM32G411K6U6, STM32G411K8T3, STM32G411K8T6, STM32G411K8U3, STM32G411K8U6, STM32G411KBT3, STM32G411KBT6, STM32G411KBU3, STM32G411KBU6, STM32G411M6T3, STM32G411M6T6, STM32G411M8T3, STM32G411M8T6, STM32G411MBT3, STM32G411MBT6, STM32G411R6T3, STM32G411R6T6, STM32G411R8T3, STM32G411R8T6, STM32G411RBT3, STM32G411RBT6, STM32G414CBT3, STM32G414CBT6, STM32G414CBU3, STM32G414CBU6, STM32G414CCT3, STM32G414CCT6, STM32G414CCU3, STM32G414CCU6, STM32G414MBT3, STM32G414MBT6, STM32G414MCT3, STM32G414MCT6, STM32G414RBT3, STM32G414RBT6, STM32G414RCT3, STM32G414RCT6, STM32G414VBT3, STM32G414VBT6, STM32G414VCT3, STM32G414VCT6, STM32G431CBT3Z, STM32G431RBT3Z, STM32G471CCT6, STM32G471CCU6, STM32G471CET3, STM32G471CET6, STM32G471CEU3, STM32G471CEU6, STM32G471MCT6, STM32G471MET3, STM32G471MET6, STM32G471MEY6TR, STM32G471QCT6, STM32G471QET3, STM32G471RCT6, STM32G471RET3, STM32G471RET6, STM32G471VCH6, STM32G471VCI6, STM32G471VCT6, STM32G471VEH3, STM32G471VEH6, STM32G471VEI3, STM32G471VEI6, STM32G471VET3, STM32G471VET6, STM32G473QET3Z, STM32G473RET3Z, STM32G474CCT6, STM32G491RET3Z, STM32H503CBT6, STM32H503CBU6, STM32H503EBY6TR, STM32H503KBU6, STM32H503RBT6, STM32H523CCT6, STM32H523CCU6, STM32H523CET6, STM32H523CEU6, STM32H523HEY6TR, STM32H523RCT6, STM32H523RET6, STM32H523VCI6, STM32H523VCT6, STM32H523VEI6, STM32H523VET6, STM32H523ZCJ6, STM32H523ZCT6, STM32H523ZEJ6, STM32H523ZET6, STM32H533CET6, STM32H533CEU6, STM32H533HEY6TR, STM32H533RET6, STM32H533VEI6, STM32H533VET6, STM32H533ZEJ6, STM32H533ZET6, STM32H562AGI6, STM32H562AII6, STM32H562IGK6, STM32H562IGT6, STM32H562IIK6, STM32H562IIT6, STM32H562RGT6, STM32H562RGV6, STM32H562RIT6, STM32H562RIV6, STM32H562VGT6, STM32H562VIT6, STM32H562ZGT6, STM32H562ZIT6, STM32H563AGI6, STM32H563AII3Q, STM32H563AII6, STM32H563IGK6, STM32H563IGT6, STM32H563IIK3Q, STM32H563IIK6, STM32H563IIT3Q, STM32H563IIT6, STM32H563MIY3QTR, STM32H563RGT6, STM32H563RGV6, STM32H563RIT6, STM32H563RIV6, STM32H563VGT6, STM32H563VIT3Q, STM32H563VIT6, STM32H563ZGT6, STM32H563ZIT3Q, STM32H563ZIT6, STM32H573AII3Q, STM32H573AII6, STM32H573I-DK, STM32H573IIK3Q, STM32H573IIK6, STM32H573IIT3Q, STM32H573IIT6, STM32H573MIY3QTR, STM32H573RIT6, STM32H573RIV6, STM32H573VIT3Q, STM32H573VIT6, STM32H573ZIT3Q, STM32H573ZIT6, STM32H7R3A8I6, STM32H7R3I8K6, STM32H7R3I8T6, STM32H7R3L8H6, STM32H7R3L8H6H, STM32H7R3R8V6, STM32H7R3V8H6, STM32H7R3V8T6, STM32H7R3V8Y6TR, STM32H7R3Z8J6, STM32H7R3Z8T6, STM32H7R7A8I6, STM32H7R7I8K6, STM32H7R7I8T6, STM32H7R7L8H6, STM32H7R7L8H6H, STM32H7R7Z8J6, STM32H7S3A8I6, STM32H7S3I8K6, STM32H7S3I8T6, STM32H7S3L8H6, STM32H7S3L8H6H, STM32H7S3R8V6, STM32H7S3V8H6, STM32H7S3V8T6, STM32H7S3V8Y6TR, STM32H7S3Z8J6, STM32H7S3Z8T6, STM32H7S78-DK, STM32H7S7A8I6, STM32H7S7I8K6, STM32H7S7I8T6, STM32H7S7L8H6, STM32H7S7L8H6H, STM32H7S7Z8J6, STM32L4R5QGI6STR, STM32MP131AAE3, STM32MP131AAF3, STM32MP131AAG3, STM32MP131CAE3, STM32MP131CAF3, STM32MP131CAG3, STM32MP131DAE7, STM32MP131DAF7, STM32MP131DAG7, STM32MP131FAE7, STM32MP131FAF7, STM32MP131FAG7, STM32MP133AAE3, STM32MP133AAF3, STM32MP133AAG3, STM32MP133CAE3, STM32MP133CAF3, STM32MP133CAG3, STM32MP133DAE7, STM32MP133DAF7, STM32MP133DAG7, STM32MP133FAE7, STM32MP133FAF7, STM32MP133FAG7, STM32MP135AAE3, STM32MP135AAF3, STM32MP135AAG3, STM32MP135CAE3, STM32MP135CAF3, STM32MP135CAG3, STM32MP135DAE7, STM32MP135DAF7, STM32MP135DAG7, STM32MP135F-DK, STM32MP135FAE7, STM32MP135FAF7, STM32MP135FAF7T, STM32MP135FAF7U, STM32MP135FAG7, STM32MP211AAL3, STM32MP211AAM3, STM32MP211AAN3, STM32MP211AAO3, STM32MP211CAL3, STM32MP211CAM3, STM32MP211CAN3, STM32MP211CAO3, STM32MP211DAL3, STM32MP211DAM3, STM32MP211DAN3, STM32MP211DAO3, STM32MP211FAL3, STM32MP211FAM3, STM32MP211FAN3, STM32MP211FAO3, STM32MP213AAL3, STM32MP213AAM3, STM32MP213AAN3, STM32MP213AAO3, STM32MP213CAL3, STM32MP213CAM3, STM32MP213CAN3, STM32MP213CAO3, STM32MP213DAL3, STM32MP213DAM3, STM32MP213DAN3, STM32MP213DAO3, STM32MP213FAL3, STM32MP213FAM3, STM32MP213FAN3, STM32MP213FAO3, STM32MP215AAL3, STM32MP215AAM3, STM32MP215AAN3, STM32MP215AAO3, STM32MP215CAL3, STM32MP215CAM3, STM32MP215CAN3, STM32MP215CAO3, STM32MP215DAL3, STM32MP215DAM3, STM32MP215DAN3, STM32MP215DAO3, STM32MP215F-DK, STM32MP215FAL3, STM32MP215FAM3, STM32MP215FAN3, STM32MP215FAO3, STM32MP231AAJ3, STM32MP231AAK3, STM32MP231AAL3, STM32MP231CAJ3, STM32MP231CAK3, STM32MP231CAL3, STM32MP231DAJ3, STM32MP231DAK3, STM32MP231DAL3, STM32MP231FAJ3, STM32MP231FAK3, STM32MP231FAL3, STM32MP233AAJ3, STM32MP233AAK3, STM32MP233AAL3, STM32MP233CAJ3, STM32MP233CAK3, STM32MP233CAL3, STM32MP233DAJ3, STM32MP233DAK3, STM32MP233DAL3, STM32MP233FAJ3, STM32MP233FAK3, STM32MP233FAL3, STM32MP235AAJ3, STM32MP235AAK3, STM32MP235AAL3, STM32MP235CAJ3, STM32MP235CAK3, STM32MP235CAL3, STM32MP235DAJ3, STM32MP235DAK3, STM32MP235DAL3, STM32MP235FAJ3, STM32MP235FAK3, STM32MP235FAL3, STM32MP251AAI3, STM32MP251AAK3, STM32MP251AAL3, STM32MP251CAI3, STM32MP251CAK3, STM32MP251CAL3, STM32MP251DAI3, STM32MP251DAK3, STM32MP251DAL3, STM32MP251FAI3, STM32MP251FAK3, STM32MP251FAL3, STM32MP253AAI3, STM32MP253AAK3, STM32MP253AAL3, STM32MP253CAI3, STM32MP253CAK3, STM32MP253CAL3, STM32MP253DAI3, STM32MP253DAK3, STM32MP253DAL3, STM32MP253FAI3, STM32MP253FAK3, STM32MP253FAL3, STM32MP255AAI3, STM32MP255AAK3, STM32MP255AAL3, STM32MP255CAI3, STM32MP255CAK3, STM32MP255CAL3, STM32MP255DAI3, STM32MP255DAK3, STM32MP255DAL3, STM32MP255FAI3, STM32MP255FAK3, STM32MP255FAL3, STM32MP257AAI3, STM32MP257AAK3, STM32MP257AAL3, STM32MP257CAI3, STM32MP257CAK3, STM32MP257CAL3, STM32MP257DAI3, STM32MP257DAK3, STM32MP257DAL3, STM32MP257F-DK, STM32MP257F-EV1, STM32MP257FAI3, STM32MP257FAK3, STM32MP257FAL3, STM32N645A0H3Q, STM32N645B0H3Q, STM32N645I0H3Q, STM32N645L0H3Q, STM32N645X0H3Q, STM32N645Z0H3Q, STM32N647A0H3Q, STM32N647B0H3Q, STM32N647I0H3Q, STM32N647L0H3Q, STM32N647X0H3Q, STM32N647Z0H3Q, STM32N655A0H3Q, STM32N655B0H3Q, STM32N655I0H3Q, STM32N655L0H3Q, STM32N655X0H3Q, STM32N655Z0H3Q, STM32N6570-DK, STM32N657A0H3Q, STM32N657B0H3Q, STM32N657I0H3Q, STM32N657L0H3Q, STM32N657X0H3Q, STM32N657Z0H3Q, STM32U031C6T6, STM32U031C6U6, STM32U031C8T6, STM32U031C8U6, STM32U031F4P6, STM32U031F6P6, STM32U031F8P6, STM32U031G6Y6TR, STM32U031G8Y6TR, STM32U031K4U6, STM32U031K6U6, STM32U031K8U6, STM32U031R6I6, STM32U031R6T6, STM32U031R8I6, STM32U031R8T6, STM32U073C8T6, STM32U073C8U6, STM32U073CBT6, STM32U073CBU6, STM32U073CCT6, STM32U073CCU6, STM32U073H8Y6TR, STM32U073HBY6TR, STM32U073HCY6TR, STM32U073K8U6, STM32U073KBU6, STM32U073KCU6, STM32U073M8I6, STM32U073M8T6, STM32U073MBI6, STM32U073MBT6, STM32U073MCI6, STM32U073MCT6, STM32U073R8I6, STM32U073R8T6, STM32U073RBI6, STM32U073RBT6, STM32U073RCI6, STM32U073RCT6, STM32U083C-DK, STM32U083CCT6, STM32U083CCU6, STM32U083HCY6TR, STM32U083KCU6, STM32U083MCI6, STM32U083MCT6, STM32U083RCI6, STM32U083RCT6, STM32U375CET6, STM32U375CET6Q, STM32U375CEU6, STM32U375CEU6Q, STM32U375CEY6QTR, STM32U375CGT6, STM32U375CGT6Q, STM32U375CGU6, STM32U375CGU6Q, STM32U375CGY6QTR, STM32U375KEU6, STM32U375KGU6, STM32U375REI6, STM32U375REI6Q, STM32U375RET6, STM32U375RET6Q, STM32U375REY6GTR, STM32U375REY6QTR, STM32U375RGI6, STM32U375RGI6Q, STM32U375RGT6, STM32U375RGT6Q, STM32U375RGY6GTR, STM32U375RGY6QTR, STM32U375VEI6, STM32U375VEI6Q, STM32U375VET6, STM32U375VET6Q, STM32U375VGI6, STM32U375VGI6Q, STM32U375VGT6, STM32U375VGT6Q, STM32U385CGT6, STM32U385CGT6Q, STM32U385CGU6, STM32U385CGU6Q, STM32U385CGY6QTR, STM32U385KGU6, STM32U385RGI6, STM32U385RGI6Q, STM32U385RGT6, STM32U385RGT6Q, STM32U385RGY6GTR, STM32U385RGY6QTR, STM32U385VGI6, STM32U385VGI6Q, STM32U385VGT6, STM32U385VGT6Q, STM32U535CBT6, STM32U535CBT6Q, STM32U535CBU6, STM32U535CBU6Q, STM32U535CCT6, STM32U535CCT6Q, STM32U535CCU6, STM32U535CCU6Q, STM32U535CET6, STM32U535CET6Q, STM32U535CEU6, STM32U535CEU6Q, STM32U535JEY6QTR, STM32U535NCY6QTR, STM32U535NEY6QTR, STM32U535RBI6, STM32U535RBI6Q, STM32U535RBT6, STM32U535RBT6Q, STM32U535RCI6, STM32U535RCI6Q, STM32U535RCT6, STM32U535RCT6Q, STM32U535REI6, STM32U535REI6Q, STM32U535RET6, STM32U535RET6Q, STM32U535VCI6, STM32U535VCI6Q, STM32U535VCT6, STM32U535VCT6Q, STM32U535VEI6, STM32U535VEI6Q, STM32U535VET6, STM32U535VET6Q, STM32U545CET6, STM32U545CET6Q, STM32U545CEU6, STM32U545CEU6Q, STM32U545JEY6QTR, STM32U545NEY6QTR, STM32U545REI6, STM32U545REI6Q, STM32U545RET6, STM32U545RET6Q, STM32U545VEI6, STM32U545VEI6Q, STM32U545VET6, STM32U545VET6Q, STM32U595AIH6, STM32U595AIH6Q, STM32U595AJH6, STM32U595AJH6Q, STM32U595QII6, STM32U595QII6Q, STM32U595QJI6, STM32U595QJI6Q, STM32U595RIT6, STM32U595RIT6Q, STM32U595RJT6, STM32U595RJT6Q, STM32U595VIT6, STM32U595VIT6Q, STM32U595VJT6, STM32U595VJT6Q, STM32U595ZIT6, STM32U595ZIT6Q, STM32U595ZIY6QTR, STM32U595ZJT6, STM32U595ZJT6Q, STM32U595ZJY6QTR, STM32U599BJY6QTR, STM32U599NIH6Q, STM32U599NJH6Q, STM32U599VIT6Q, STM32U599VJT6, STM32U599VJT6Q, STM32U599ZIT6Q, STM32U599ZIY6QTR, STM32U599ZJT6Q, STM32U599ZJY6QTR, STM32U5A5AJH6, STM32U5A5AJH6Q, STM32U5A5QII3Q , STM32U5A5QJI6, STM32U5A5QJI6Q, STM32U5A5RJT6, STM32U5A5RJT6Q, STM32U5A5VJT6, STM32U5A5VJT6Q, STM32U5A5ZJT6, STM32U5A5ZJT6Q, STM32U5A5ZJY6QTR, STM32U5A9BJY6QTR, STM32U5A9J-DK, STM32U5A9NJH6Q, STM32U5A9VJT6Q, STM32U5A9ZJT6Q, STM32U5A9ZJY6QTR, STM32U5F7VIT6, STM32U5F7VIT6Q, STM32U5F7VJT6, STM32U5F7VJT6Q, STM32U5F9BJY6QTR, STM32U5F9NJH6Q, STM32U5F9VIT6Q, STM32U5F9VJT6Q, STM32U5F9ZIJ6QTR, STM32U5F9ZIT6Q, STM32U5F9ZJJ6QTR, STM32U5F9ZJT6Q, STM32U5G7VJT6, STM32U5G7VJT6Q, STM32U5G9BJY6QTR, STM32U5G9J-DK1, STM32U5G9J-DK2, STM32U5G9NJH6Q, STM32U5G9VJT6Q, STM32U5G9ZJJ6QTR, STM32U5G9ZJT6Q, STM32WB05KZV6TR, STM32WB05KZV7TR, STM32WB05TZF6TR, STM32WB05TZF7TR, STM32WB06CCF6TR, STM32WB06CCF7TR, STM32WB06CCV6TR, STM32WB06CCV7TR, STM32WB06KCV6TR, STM32WB06KCV7TR, STM32WB07CCF6TR, STM32WB07CCF7TR, STM32WB07CCV6TR, STM32WB07CCV7TR, STM32WB07KCV6TR, STM32WB07KCV7TR, STM32WB09KEV6TR, STM32WB09KEV7TR, STM32WB09TEF6TR, STM32WB09TEF7TR, STM32WB1MMCH6, STM32WBA50KGU6, STM32WBA50KGU6TR, STM32WBA52CEU6, STM32WBA52CEU6TR, STM32WBA52CEU7, STM32WBA52CEU7TR, STM32WBA52CGU6, STM32WBA52CGU6TR, STM32WBA52CGU6U, STM32WBA52CGU7, STM32WBA52CGU7TR, STM32WBA52KEU6, STM32WBA52KEU6TR, STM32WBA52KGU6, STM32WBA52KGU6TR, STM32WBA54CEU6, STM32WBA54CEU6TR, STM32WBA54CEU7, STM32WBA54CEU7TR, STM32WBA54CGU6, STM32WBA54CGU6TR, STM32WBA54CGU7, STM32WBA54CGU7TR, STM32WBA54KEU6, STM32WBA54KEU6TR, STM32WBA54KEU7, STM32WBA54KEU7TR, STM32WBA54KGU6, STM32WBA54KGU6TR, STM32WBA54KGU7, STM32WBA54KGU7TR, STM32WBA55CEU6, STM32WBA55CEU6TR, STM32WBA55CEU7, STM32WBA55CEU7TR, STM32WBA55CGU6, STM32WBA55CGU6TR, STM32WBA55CGU6U, STM32WBA55CGU7, STM32WBA55CGU7TR, STM32WBA55G-DK1, STM32WBA55HEF6, STM32WBA55HEF7, STM32WBA55HGF6, STM32WBA55HGF7, STM32WBA55UEI6, STM32WBA55UEI6TR, STM32WBA55UEI7, STM32WBA55UEI7TR, STM32WBA55UGI6, STM32WBA55UGI6TR, STM32WBA55UGI7, STM32WBA55UGI7TR, STM32WBA5MMGH6TR, STM32WBA62MGF6, STM32WBA62MIF6, STM32WBA65MGF7, STM32WBA65MIF6, STM32WBA65MIF7, STM32WL30K8V6, STM32WL30KBV6, STM32WL31C8V6, STM32WL31CBV6, STM32WL31K8V6, STM32WL31KBV6, STM32WL33C8V6, STM32WL33C8V6X, STM32WL33CBV6, STM32WL33CBV6X, STM32WL33CCV6, STM32WL33CCV6A, STM32WL33CCV6X, STM32WL33K8V7, STM32WL33K8V7X, STM32WL33KBV7 , STM32WL33KBV7X, STM32WL33KCV7, STM32WL33KCV7X, STM32WL5MOCH6, STM32WL5MOCH6TR]
2025-08-11 09:06:55,678 [INFO] DbMcus:218 - Found 4801 MCUs, 4801 are supported
2025-08-11 09:06:55,678 [INFO] ApiDb:423 - Load user favorites file C:\Users\sf94983/.stm32cubeide/favorites.mcus.txt: 0 item(s)
2025-08-11 09:06:55,678 [INFO] ApiDb:427 - User favorites MCUs=[]
2025-08-11 09:06:55,678 [INFO] DbMcus:224 - Set 0 / 0 favorites MCUs
2025-08-11 09:06:56,122 [INFO] ApiDb:414 - User favorites file not found: C:\Users\sf94983/.stm32cubeide/favorites.boards.txt
2025-08-11 09:06:56,122 [INFO] DbBoards:198 - Set 0 / 0 favorites Boards
2025-08-11 09:06:56,181 [INFO] UtilMem:75 - End LoadConfig() Used Memory: 156098984 Bytes (282066944)
2025-08-11 09:06:56,307 [WARN] ThirdParty:833 - waiting for thirdparty lock release [change project]
2025-08-11 09:06:56,307 [INFO] ThirdParty:835 - entering critical section [change project]
2025-08-11 09:06:56,307 [INFO] ThirdParty:1030 - CMSIS Pack Vendor :STMicroelectronics X-CUBE-PM33A1 1.0.0
2025-08-11 09:06:56,307 [INFO] ThirdParty:1030 - CMSIS Pack Vendor :STMicroelectronics USBPD 4.1
2025-08-11 09:06:56,307 [INFO] ThirdParty:1030 - CMSIS Pack Vendor :STMicroelectronics X-CUBE-NFC9 1.0.0
2025-08-11 09:06:56,307 [INFO] ThirdParty:1030 - CMSIS Pack Vendor :STMicroelectronics USB_HOST 2.0.0
2025-08-11 09:06:56,307 [INFO] ThirdParty:1030 - CMSIS Pack Vendor :STMicroelectronics FP-SNS-MOTENVWB1 1.4.0
2025-08-11 09:06:56,307 [INFO] ThirdParty:1030 - CMSIS Pack Vendor :STMicroelectronics X-CUBE-AZRTOS-F4 1.1.0
2025-08-11 09:06:56,307 [INFO] ThirdParty:1030 - CMSIS Pack Vendor :STMicroelectronics LIBJPEG 8.0.0
2025-08-11 09:06:56,322 [INFO] ThirdParty:1030 - CMSIS Pack Vendor :STMicroelectronics FP-ATR-ASTRA1 2.0.2
2025-08-11 09:06:56,322 [INFO] ThirdParty:1030 - CMSIS Pack Vendor :wolfSSL I-CUBE-wolfSSL 5.8.2
2025-08-11 09:06:56,322 [INFO] ThirdParty:1030 - CMSIS Pack Vendor :STMicroelectronics X-CUBE-BLE1 7.1.0
2025-08-11 09:06:56,322 [INFO] ThirdParty:1030 - CMSIS Pack Vendor :Avnet-IotConnect X-CUBE-IoTC-DA16k-PMOD 1.0.0
2025-08-11 09:06:56,322 [INFO] ThirdParty:1030 - CMSIS Pack Vendor :STMicroelectronics X-CUBE-SMBUS 2.1.0
2025-08-11 09:06:56,322 [INFO] ThirdParty:1030 - CMSIS Pack Vendor :wolfSSL I-CUBE-wolfMQTT 1.19.2
2025-08-11 09:06:56,322 [INFO] ThirdParty:1030 - CMSIS Pack Vendor :STMicroelectronics USB_DEVICE 3.0.0
2025-08-11 09:06:56,322 [INFO] ThirdParty:1030 - CMSIS Pack Vendor :STMicroelectronics X-CUBE-ISPU 2.1.0
2025-08-11 09:06:56,322 [INFO] ThirdParty:1030 - CMSIS Pack Vendor :STMicroelectronics X-CUBE-EEPRMA1 5.2.0
2025-08-11 09:06:56,323 [INFO] ThirdParty:1030 - CMSIS Pack Vendor :STMicroelectronics X-CUBE-BLEMGR 4.1.0
2025-08-11 09:06:56,323 [INFO] ThirdParty:1030 - CMSIS Pack Vendor :STMicroelectronics X-CUBE-AZRTOS-WB 2.0.0
2025-08-11 09:06:56,323 [INFO] ThirdParty:1030 - CMSIS Pack Vendor :STMicroelectronics X-CUBE-ST60 1.0.0
2025-08-11 09:06:56,323 [INFO] ThirdParty:1030 - CMSIS Pack Vendor :STMicroelectronics X-CUBE-GNSS1 7.0.1
2025-08-11 09:06:56,323 [INFO] ThirdParty:1030 - CMSIS Pack Vendor :STMicroelectronics X-CUBE-NFC12 1.0.0
2025-08-11 09:06:56,323 [INFO] ThirdParty:1030 - CMSIS Pack Vendor :STMicroelectronics X-CUBE-AZRTOS-F7 1.1.0
2025-08-11 09:06:56,323 [INFO] ThirdParty:1030 - CMSIS Pack Vendor :STMicroelectronics X-CUBE-AZRTOS-L5 2.0.0
2025-08-11 09:06:56,323 [INFO] ThirdParty:1030 - CMSIS Pack Vendor :STMicroelectronics X-CUBE-TOUCHGFX 4.25.0
2025-08-11 09:06:56,323 [INFO] ThirdParty:1030 - CMSIS Pack Vendor :STMicroelectronics USB_DEVICE 2.0.0
2025-08-11 09:06:56,323 [INFO] ThirdParty:1030 - CMSIS Pack Vendor :STMicroelectronics X-CUBE-NFC6 3.1.0
2025-08-11 09:06:56,323 [INFO] ThirdParty:1030 - CMSIS Pack Vendor :quantropi X-CUBE-qispace-sdk-base 2.1.0
2025-08-11 09:06:56,323 [INFO] ThirdParty:1030 - CMSIS Pack Vendor :STMicroelectronics FreeRTOS 0.0.1
2025-08-11 09:06:56,323 [INFO] ThirdParty:1030 - CMSIS Pack Vendor :STMicroelectronics X-CUBE-AZRTOS-G0 1.1.0
2025-08-11 09:06:56,323 [INFO] ThirdParty:1030 - CMSIS Pack Vendor :STMicroelectronics X-CUBE-SAFEA1 1.2.2
2025-08-11 09:06:56,323 [INFO] ThirdParty:1030 - CMSIS Pack Vendor :STMicroelectronics X-CUBE-NFC4 3.0.0
2025-08-11 09:06:56,323 [INFO] ThirdParty:1030 - CMSIS Pack Vendor :STMicroelectronics X-CUBE-SUBG2 5.0.0
2025-08-11 09:06:56,323 [INFO] ThirdParty:1030 - CMSIS Pack Vendor :STMicroelectronics X-CUBE-AZRTOS-H7RS 1.1.0
2025-08-11 09:06:56,323 [INFO] ThirdParty:1030 - CMSIS Pack Vendor :STMicroelectronics STM32_WPAN 1.0.0
2025-08-11 09:06:56,323 [INFO] ThirdParty:1030 - CMSIS Pack Vendor :EmbeddedOffice I-CUBE-FS-RTOS 1.0.1
2025-08-11 09:06:56,323 [INFO] ThirdParty:1030 - CMSIS Pack Vendor :STMicroelectronics lwIP 2.0.3
2025-08-11 09:06:56,323 [INFO] ThirdParty:1030 - CMSIS Pack Vendor :Cesanta I-CUBE-Mongoose 7.13.0
2025-08-11 09:06:56,323 [INFO] ThirdParty:1030 - CMSIS Pack Vendor :STMicroelectronics USB_HOST 1.0.0
2025-08-11 09:06:56,323 [INFO] ThirdParty:1030 - CMSIS Pack Vendor :Infineon AIROC-Wi-Fi-Bluetooth-STM32 1.7.1
2025-08-11 09:06:56,323 [INFO] ThirdParty:1030 - CMSIS Pack Vendor :STMicroelectronics X-CUBE-AZRTOS-G4 2.0.0
2025-08-11 09:06:56,323 [INFO] ThirdParty:1030 - CMSIS Pack Vendor :STMicroelectronics X-CUBE-WB05N 2.0.0
2025-08-11 09:06:56,323 [INFO] ThirdParty:1030 - CMSIS Pack Vendor :STMicroelectronics PDM2PCM 3.1.0
2025-08-11 09:06:56,323 [INFO] ThirdParty:1030 - CMSIS Pack Vendor :STMicroelectronics PDM2PCM 3.3.0
2025-08-11 09:06:56,323 [INFO] ThirdParty:1030 - CMSIS Pack Vendor :wolfSSL I-CUBE-wolfTPM 3.8.0
2025-08-11 09:06:56,323 [INFO] ThirdParty:1030 - CMSIS Pack Vendor :STMicroelectronics X-CUBE-AZRTOS-H7 3.4.0
2025-08-11 09:06:56,323 [INFO] ThirdParty:1030 - CMSIS Pack Vendor :STMicroelectronics X-CUBE-DISPLAY 3.0.0
2025-08-11 09:06:56,323 [INFO] ThirdParty:1030 - CMSIS Pack Vendor :wolfSSL I-CUBE-wolfSSH 1.4.20
2025-08-11 09:06:56,323 [INFO] ThirdParty:1030 - CMSIS Pack Vendor :STMicroelectronics X-CUBE-NFC7 2.0.0
2025-08-11 09:06:56,323 [INFO] ThirdParty:1030 - CMSIS Pack Vendor :STMicroelectronics X-CUBE-TCPP 4.2.0
2025-08-11 09:06:56,323 [INFO] ThirdParty:1030 - CMSIS Pack Vendor :RealThread X-CUBE-RT-Thread_Nano 4.1.1
2025-08-11 09:06:56,323 [INFO] ThirdParty:1030 - CMSIS Pack Vendor :STMicroelectronics FP-ATR-SIGFOX1 3.2.0
2025-08-11 09:06:56,323 [INFO] ThirdParty:1030 - CMSIS Pack Vendor :STMicroelectronics X-CUBE-NFC10 1.0.0
2025-08-11 09:06:56,323 [INFO] ThirdParty:1030 - CMSIS Pack Vendor :STMicroelectronics X-CUBE-FREERTOS 1.3.1
2025-08-11 09:06:56,323 [INFO] ThirdParty:1030 - CMSIS Pack Vendor :STMicroelectronics HAL Drivers 0.0.0
2025-08-11 09:06:56,323 [INFO] ThirdParty:1030 - CMSIS Pack Vendor :STMicroelectronics MBEDTLS 2.16.2
2025-08-11 09:06:56,323 [INFO] ThirdParty:1030 - CMSIS Pack Vendor :STMicroelectronics X-CUBE-IPS 3.1.0
2025-08-11 09:06:56,323 [INFO] ThirdParty:1030 - CMSIS Pack Vendor :STMicroelectronics X-CUBE-ALS 1.0.2
2025-08-11 09:06:56,323 [INFO] ThirdParty:1030 - CMSIS Pack Vendor :emotas I-CUBE-CANOPEN 1.3.0
2025-08-11 09:06:56,323 [INFO] ThirdParty:1030 - CMSIS Pack Vendor :STMicroelectronics MBEDTLS 2.14.1
2025-08-11 09:06:56,323 [INFO] ThirdParty:1030 - CMSIS Pack Vendor :ITTIA_DB I-CUBE-ITTIADB 8.9.0
2025-08-11 09:06:56,323 [INFO] ThirdParty:1030 - CMSIS Pack Vendor :portGmbH I-Cube-SoM-uGOAL 1.1.0
2025-08-11 09:06:56,323 [INFO] ThirdParty:1030 - CMSIS Pack Vendor :STMicroelectronics X-CUBE-ST67W61 1.0.0
2025-08-11 09:06:56,323 [INFO] ThirdParty:1030 - CMSIS Pack Vendor :STMicroelectronics FP-SNS-STBOX1 2.1.0
2025-08-11 09:06:56,323 [INFO] ThirdParty:1030 - CMSIS Pack Vendor :STMicroelectronics X-CUBE-AI 10.2.0
2025-08-11 09:06:56,323 [INFO] ThirdParty:1030 - CMSIS Pack Vendor :STMicroelectronics FP-SNS-STAIOTCFT 1.0.0
2025-08-11 09:06:56,323 [INFO] ThirdParty:1030 - CMSIS Pack Vendor :STMicroelectronics ThreadX 1.0.0
2025-08-11 09:06:56,323 [INFO] ThirdParty:1030 - CMSIS Pack Vendor :STMicroelectronics FP-SNS-SMARTAG2 1.2.0
2025-08-11 09:06:56,323 [INFO] ThirdParty:1030 - CMSIS Pack Vendor :STMicroelectronics FP-SNS-FLIGHT1 5.1.0
2025-08-11 09:06:56,323 [INFO] ThirdParty:1030 - CMSIS Pack Vendor :STMicroelectronics X-CUBE-AZRTOS-WL 2.0.0
2025-08-11 09:06:56,323 [INFO] ThirdParty:1030 - CMSIS Pack Vendor :SEGGER I-CUBE-embOS 1.3.1
2025-08-11 09:06:56,323 [INFO] ThirdParty:1030 - CMSIS Pack Vendor :STMicroelectronics X-CUBE-ALGOBUILD 1.4.0
2025-08-11 09:06:56,323 [INFO] ThirdParty:1030 - CMSIS Pack Vendor :STMicroelectronics X-CUBE-DPower 1.3.0
2025-08-11 09:06:56,323 [INFO] ThirdParty:1030 - CMSIS Pack Vendor :STMicroelectronics X-CUBE-MEMS1 11.3.0
2025-08-11 09:06:56,323 [INFO] ThirdParty:1030 - CMSIS Pack Vendor :STMicroelectronics FP-SNS-MOTENV1 5.0.0
2025-08-11 09:06:56,323 [INFO] ThirdParty:1030 - CMSIS Pack Vendor :STMicroelectronics USB_DEVICE 1.0.0
2025-08-11 09:06:56,323 [INFO] ThirdParty:1030 - CMSIS Pack Vendor :STMicroelectronics X-CUBE-AZRTOS-L4 2.0.0
2025-08-11 09:06:56,323 [INFO] ThirdParty:1030 - CMSIS Pack Vendor :STMicroelectronics ThreadX 0.0.2
2025-08-11 09:06:56,323 [INFO] ThirdParty:1030 - CMSIS Pack Vendor :WES I-CUBE-Cesium 1.3.0
2025-08-11 09:06:56,323 [INFO] ThirdParty:1030 - CMSIS Pack Vendor :STMicroelectronics lwIP 2.1.2
2025-08-11 09:06:56,323 [INFO] ThirdParty:1030 - CMSIS Pack Vendor :STMicroelectronics X-CUBE-SFXS2LP1 4.0.0
2025-08-11 09:06:56,323 [INFO] ThirdParty:1030 - CMSIS Pack Vendor :STMicroelectronics X-CUBE-BLE2 3.3.0
2025-08-11 09:06:56,323 [INFO] ThirdParty:1030 - CMSIS Pack Vendor :STMicroelectronics X-CUBE-TOF1 3.4.3
2025-08-11 09:06:56,323 [INFO] ThirdParty:1030 - CMSIS Pack Vendor :STMicroelectronics PDM2PCM 3.2.0
2025-08-11 09:06:56,323 [INFO] ThirdParty:841 - exiting critical section [change project]
2025-08-11 09:06:57,057 [INFO] PinOutPanel:1589 - setPackage(No Configuration,No Configuration)
2025-08-11 09:06:57,057 [INFO] PinOutPanel:1589 - setPackage(STM32F103C8Tx,LQFP48)
2025-08-11 09:06:57,687 [INFO] UtilMem:75 - Before build in PCC Used Memory: 155439272 Bytes (282066944)
2025-08-11 09:06:59,121 [INFO] UtilMem:75 - After build in PCC Used Memory: 226817392 Bytes (282066944)
2025-08-11 09:06:59,187 [INFO] IPUIPlugin:80 - create IPUIPlugin
2025-08-11 09:06:59,187 [INFO] IPUIPlugin:80 - create IPUIPlugin
2025-08-11 09:06:59,187 [INFO] IPUIPlugin:80 - create IPUIPlugin
2025-08-11 09:06:59,187 [INFO] IPUIPlugin:80 - create IPUIPlugin
2025-08-11 09:06:59,187 [INFO] IPUIPlugin:80 - create IPUIPlugin
2025-08-11 09:06:59,187 [INFO] IPUIPlugin:80 - create IPUIPlugin
2025-08-11 09:06:59,187 [INFO] IPUIPlugin:80 - create IPUIPlugin
2025-08-11 09:06:59,187 [INFO] IPUIPlugin:80 - create IPUIPlugin
2025-08-11 09:06:59,187 [INFO] IPUIPlugin:80 - create IPUIPlugin
2025-08-11 09:06:59,187 [INFO] IPUIPlugin:80 - create IPUIPlugin
2025-08-11 09:06:59,187 [INFO] IPUIPlugin:80 - create IPUIPlugin
2025-08-11 09:06:59,187 [INFO] IPUIPlugin:80 - create IPUIPlugin
2025-08-11 09:06:59,187 [INFO] IPUIPlugin:80 - create IPUIPlugin
2025-08-11 09:06:59,187 [INFO] IPUIPlugin:80 - create IPUIPlugin
2025-08-11 09:06:59,187 [INFO] IPUIPlugin:80 - create IPUIPlugin
2025-08-11 09:06:59,187 [INFO] IPUIPlugin:80 - create IPUIPlugin
2025-08-11 09:06:59,187 [INFO] IPUIPlugin:80 - create IPUIPlugin
2025-08-11 09:06:59,187 [INFO] IPUIPlugin:80 - create IPUIPlugin
2025-08-11 09:06:59,187 [INFO] IPUIPlugin:80 - create IPUIPlugin
2025-08-11 09:06:59,197 [INFO] IPUIPlugin:80 - create IPUIPlugin
2025-08-11 09:06:59,197 [INFO] IPUIPlugin:80 - create IPUIPlugin
2025-08-11 09:06:59,197 [INFO] IPUIPlugin:80 - create IPUIPlugin
2025-08-11 09:06:59,197 [INFO] IPUIPlugin:80 - create IPUIPlugin
2025-08-11 09:06:59,200 [INFO] IPUIPlugin:80 - create IPUIPlugin
2025-08-11 09:06:59,200 [INFO] IPUIPlugin:80 - create IPUIPlugin
2025-08-11 09:06:59,200 [INFO] IPUIPlugin:80 - create IPUIPlugin
2025-08-11 09:06:59,200 [INFO] IPUIPlugin:80 - create IPUIPlugin
2025-08-11 09:06:59,544 [INFO] CADModel:165 - CPN selected for project levelSTM32F103C8T6TR
2025-08-11 09:06:59,544 [INFO] CADModel:114 - Register for checkConnection events
2025-08-11 09:06:59,602 [INFO] OpenFileManager:386 - Restore cursor
2025-08-11 09:07:05,011 [INFO] LogOutputStream:77 - [STDOUT_REDIRECT] 
2025-08-11 09:07:07,383 [INFO] McuFinderGlobals:63 - Set McuFinder mode to 2 (CubeIDE integrated)
2025-08-11 09:07:07,394 [INFO] UserAuth:487 - Internet connection configuration mode: 1
2025-08-11 09:07:07,435 [INFO] JxBrowserEngine:152 - Initiate JxBrowser Engine with user profile folder
2025-08-11 09:07:12,085 [INFO] WebApp:169 - Instantiating new browser for Auth
2025-08-11 09:07:14,633 [INFO] WebApp:463 - Apply proxy settings
2025-08-11 09:07:14,635 [INFO] WebApp:548 - Chromium requires no authentication
2025-08-11 09:07:14,656 [INFO] WebApp:491 - Direct internet connection detected
2025-08-11 09:07:14,717 [INFO] WebApp:900 - Register for checkConnection events
2025-08-11 09:07:14,717 [INFO] WebApp:463 - Apply proxy settings
2025-08-11 09:07:14,717 [INFO] WebApp:548 - Chromium requires no authentication
2025-08-11 09:07:14,718 [INFO] WebApp:491 - Direct internet connection detected
2025-08-11 09:07:15,087 [INFO] WebApp:191 - Connection restablished
2025-08-11 09:07:15,107 [INFO] WebApp:225 - Starting web application
2025-08-11 09:07:15,107 [INFO] WebApp:593 - Web application path used C:\ST\STM32CubeIDE_1.19.0\STM32CubeIDE\plugins\com.st.stm32cube.common.mx_6.15.0.202507011659\db\plugins\mcufinder\reactClient1\index.html
2025-08-11 09:07:15,706 [INFO] UserAuth:487 - Internet connection configuration mode: 1
2025-08-11 09:12:47,821 [INFO] MainUpdater:2872 - connection check result : 10
2025-08-11 09:12:48,025 [INFO] McuFinderGlobals:76 - Set McuFinderConnectedMode to true
2025-08-11 09:12:48,034 [INFO] MultiScanPanel:200 - Auto-refresh data requested => check proxy status ongoing
2025-08-11 09:12:48,037 [INFO] FinderPluginLoader:96 - Searching for filters in installed packs
2025-08-11 09:12:49,314 [INFO] LoadUrlFilesThread:185 - End of LoadServerUrlFiles without Thread
2025-08-11 09:12:49,404 [INFO] DetailPanel:341 - Set advertising image to C:/Users/sf94983/STM32Cube/Repository/\en.2400x1350px.jpeg
2025-08-11 09:16:09,779 [INFO] MetaSearchPanel:329 - Collapse all filters sections
2025-08-11 09:19:03,802 [INFO] MainUpdater:2872 - connection check result : 10
2025-08-11 09:19:03,802 [INFO] MainUpdater:2872 - connection check result : 10
2025-08-11 09:19:04,952 [INFO] MicroXplorer:468 - Change Database Path : 
2025-08-11 09:19:04,953 [INFO] MicroXplorer:498 - Change Database Version : DB.6.0.150
2025-08-11 09:19:04,987 [ERROR] ProjectManagerView:395 - 
java.lang.NullPointerException: Cannot invoke "javax.swing.JTextField.getText()" because the return value of "java.util.List.get(int)" is null
	at com.st.microxplorer.plugins.projectmanager.gui.ProjectChoiceTab$9.caretUpdate(ProjectChoiceTab.java:2706) ~[filemanager.jar:?]
	at javax.swing.text.JTextComponent.fireCaretUpdate(JTextComponent.java:408) ~[?:?]
	at javax.swing.text.JTextComponent$MutableCaretEvent.fire(JTextComponent.java:4484) ~[?:?]
	at javax.swing.text.JTextComponent$MutableCaretEvent.stateChanged(JTextComponent.java:4506) ~[?:?]
	at javax.swing.text.DefaultCaret.fireStateChanged(DefaultCaret.java:857) ~[?:?]
	at javax.swing.text.DefaultCaret.changeCaretPosition(DefaultCaret.java:1343) ~[?:?]
	at javax.swing.text.DefaultCaret.handleSetDot(DefaultCaret.java:1242) ~[?:?]
	at javax.swing.text.DefaultCaret.setDot(DefaultCaret.java:1223) ~[?:?]
	at javax.swing.text.DefaultCaret$Handler.insertUpdate(DefaultCaret.java:1819) ~[?:?]
	at javax.swing.text.AbstractDocument.fireInsertUpdate(AbstractDocument.java:227) ~[?:?]
	at javax.swing.text.AbstractDocument.handleInsertString(AbstractDocument.java:781) ~[?:?]
	at javax.swing.text.AbstractDocument.insertString(AbstractDocument.java:740) ~[?:?]
	at javax.swing.text.PlainDocument.insertString(PlainDocument.java:131) ~[?:?]
	at javax.swing.text.AbstractDocument.replace(AbstractDocument.java:699) ~[?:?]
	at javax.swing.text.JTextComponent.setText(JTextComponent.java:1725) ~[?:?]
	at com.st.microxplorer.plugins.projectmanager.gui.ProjectChoiceTab.createHeapStackFields(ProjectChoiceTab.java:993) ~[filemanager.jar:?]
	at com.st.microxplorer.plugins.projectmanager.gui.ProjectChoiceTab.buildLinkSettingsPanel(ProjectChoiceTab.java:3813) ~[filemanager.jar:?]
	at com.st.microxplorer.plugins.projectmanager.gui.ProjectChoiceTab.defineWindowsFields(ProjectChoiceTab.java:1987) ~[filemanager.jar:?]
	at com.st.microxplorer.plugins.projectmanager.gui.ProjectChoiceTab.updateSettings(ProjectChoiceTab.java:558) ~[filemanager.jar:?]
	at com.st.microxplorer.plugins.projectmanager.gui.ProjectSettingsPanel.UpdateDialog(ProjectSettingsPanel.java:247) ~[filemanager.jar:?]
	at com.st.microxplorer.plugins.projectmanager.ProjectManagerView.propertyChange(ProjectManagerView.java:392) ~[filemanager.jar:?]
	at java.beans.PropertyChangeSupport.fire(PropertyChangeSupport.java:343) ~[?:?]
	at java.beans.PropertyChangeSupport.firePropertyChange(PropertyChangeSupport.java:335) ~[?:?]
	at java.beans.PropertyChangeSupport.firePropertyChange(PropertyChangeSupport.java:268) ~[?:?]
	at com.st.microxplorer.util.MXPropertyChangeSupport.firePropertyChange(MXPropertyChangeSupport.java:54) ~[STM32CubeMX.jar:?]
	at com.st.microxplorer.mxsystem.MxSystem.closeConfig(MxSystem.java:899) ~[STM32CubeMX.jar:?]
	at com.st.microxplorer.maingui.MainPanel.closeConfig(MainPanel.java:792) ~[STM32CubeMX.jar:?]
	at com.st.microxplorer.plugins.filemanager.engine.OpenFileManager.loadConfigurationFile(OpenFileManager.java:288) ~[filemanager.jar:?]
	at com.st.microxplorer.plugins.filemanager.engine.MainFileManager.userLoadConfig(MainFileManager.java:364) ~[filemanager.jar:?]
	at com.st.microxplorer.plugins.filemanager.engine.MainFileManager.userLoadConfig(MainFileManager.java:342) ~[filemanager.jar:?]
	at com.st.microxplorer.plugins.filemanager.FileManagerView.getSpecificTask(FileManagerView.java:264) ~[filemanager.jar:?]
	at com.st.stm32cube.common.mx.editor.CubeMxEditor.getMxTabbedPaneInstance(CubeMxEditor.java:1198) ~[com.st.stm32cube.common.mx_6.15.0.202507011659/:?]
	at com.st.stm32cube.common.mx.editor.CubeMxEditor$12$1.createSwingComponent(CubeMxEditor.java:1068) ~[com.st.stm32cube.common.mx_6.15.0.202507011659/:?]
	at com.st.stm32cube.common.mx.oss.core.awtswtbridge.EmbeddedSwingComposite.doComponentCreation(EmbeddedSwingComposite.java:492) ~[com.st.stm32cube.common.mx.oss_6.15.0.202507011659/:?]
	at com.st.stm32cube.common.mx.oss.core.awtswtbridge.EmbeddedSwingComposite$4.run(EmbeddedSwingComposite.java:291) ~[com.st.stm32cube.common.mx.oss_6.15.0.202507011659/:?]
	at com.st.stm32cube.common.mx.oss.core.awtswtbridge.AwtEnvironment$2.run(AwtEnvironment.java:166) ~[com.st.stm32cube.common.mx.oss_6.15.0.202507011659/:?]
	at java.awt.event.InvocationEvent.dispatch(InvocationEvent.java:318) ~[?:?]
	at java.awt.EventQueue.dispatchEventImpl(EventQueue.java:773) ~[?:?]
	at java.awt.EventQueue$4.run(EventQueue.java:720) ~[?:?]
	at java.awt.EventQueue$4.run(EventQueue.java:714) ~[?:?]
	at java.security.AccessController.doPrivileged(AccessController.java:400) ~[?:?]
	at java.security.ProtectionDomain$JavaSecurityAccessImpl.doIntersectionPrivilege(ProtectionDomain.java:87) ~[?:?]
	at java.awt.EventQueue.dispatchEvent(EventQueue.java:742) ~[?:?]
	at java.awt.EventDispatchThread.pumpOneEventForFilters(EventDispatchThread.java:203) ~[?:?]
	at java.awt.EventDispatchThread.pumpEventsForFilter(EventDispatchThread.java:124) ~[?:?]
	at java.awt.EventDispatchThread.pumpEventsForHierarchy(EventDispatchThread.java:113) ~[?:?]
	at java.awt.EventDispatchThread.pumpEvents(EventDispatchThread.java:109) ~[?:?]
	at java.awt.EventDispatchThread.pumpEvents(EventDispatchThread.java:101) ~[?:?]
	at java.awt.EventDispatchThread.run(EventDispatchThread.java:90) ~[?:?]
2025-08-11 09:19:04,995 [WARN] ThirdParty:871 - waiting for thirdparty lock release [close project]
2025-08-11 09:19:04,995 [INFO] ThirdParty:873 - entering critical section [close project]
2025-08-11 09:19:04,995 [INFO] ThirdParty:883 - exiting critical section [close project]
2025-08-11 09:19:04,996 [INFO] PinOutPanel:1589 - setPackage(No Configuration,No Configuration)
2025-08-11 09:19:05,008 [INFO] UtilMem:75 - Begin LoadConfig() Used Memory: 524210928 Bytes (1073741824)
2025-08-11 09:19:05,009 [INFO] MicroXplorer:468 - Change Database Path : 
2025-08-11 09:19:05,009 [INFO] MicroXplorer:498 - Change Database Version : DB.6.0.150
2025-08-11 09:19:05,009 [INFO] OpenFileManager:355 - Change cursor
2025-08-11 09:19:05,095 [INFO] Mcu:2029 - Initializing MCU STM32F103C8Tx STM32F103C8Tx STM32F103C8T6TR
2025-08-11 09:19:05,841 [INFO] Context:786 - Trying to add GPIOservice into a context  which must be forbidden
2025-08-11 09:19:06,080 [INFO] ImportTextPane:234 - (OptionalMessage_ERROR) Unable to find key (Mcu.ThirdPartyNb) in loaded IOC file
2025-08-11 09:19:06,080 [INFO] ImportTextPane:234 - (OptionalMessage_ERROR) Unable to find key (Mcu.PinsNb) in loaded IOC file
2025-08-11 09:19:06,081 [INFO] ImportTextPane:234 - (OptionalMessage_ERROR) Pin0 (VP_RIF_VS_RIF1) cannot be retrieved for this MCU
2025-08-11 09:19:06,081 [INFO] ImportTextPane:234 - (OptionalMessage_ERROR) Unable to find key (Mcu.IPNb) in loaded IOC file
2025-08-11 09:19:06,115 [INFO] RtosManager:558 - Registered RTOS mode: class=CMSIS, group=RTOS, mode=CMSIS_V1, owner=FREERTOS
2025-08-11 09:19:06,115 [INFO] RtosManager:558 - Registered RTOS mode: class=CMSIS, group=RTOS2, mode=CMSIS_V2, owner=FREERTOS
2025-08-11 09:19:06,115 [INFO] RtosManager:558 - Registered RTOS mode: class=RTOS, group=Core, mode=CMSIS_V1, owner=FREERTOS
2025-08-11 09:19:06,115 [INFO] RtosManager:558 - Registered RTOS mode: class=RTOS, group=Core, mode=CMSIS_V2, owner=FREERTOS
2025-08-11 09:19:06,115 [WARN] ModelIntegratedComponent:184 - Missing modes for component STMicroelectronics:FreeRTOS:0.0.1:STMicroelectronics:RTOS:FreeRTOS:Core:::10.2.0:
2025-08-11 09:19:06,168 [WARN] ModelIntegratedComponent:63 - No mode defined for component null
2025-08-11 09:19:06,168 [WARN] ModelIntegratedComponent:63 - No mode defined for component null
2025-08-11 09:19:06,168 [WARN] ModelIntegratedComponent:63 - No mode defined for component null
2025-08-11 09:19:06,168 [WARN] ModelIntegratedComponent:63 - No mode defined for component null
2025-08-11 09:19:06,168 [WARN] ModelIntegratedComponent:63 - No mode defined for component null
2025-08-11 09:19:06,168 [WARN] ModelIntegratedComponent:63 - No mode defined for component null
2025-08-11 09:19:06,168 [WARN] ModelIntegratedComponent:63 - No mode defined for component null
2025-08-11 09:19:06,168 [WARN] ModelIntegratedComponent:63 - No mode defined for component null
2025-08-11 09:19:06,168 [WARN] ModelIntegratedComponent:63 - No mode defined for component null
2025-08-11 09:19:06,168 [WARN] ModelIntegratedComponent:63 - No mode defined for component null
2025-08-11 09:19:06,168 [WARN] ModelIntegratedComponent:63 - No mode defined for component null
2025-08-11 09:19:06,168 [WARN] ModelIntegratedComponent:63 - No mode defined for component null
2025-08-11 09:19:06,168 [WARN] ModelIntegratedComponent:63 - No mode defined for component null
2025-08-11 09:19:06,168 [WARN] ModelIntegratedComponent:63 - No mode defined for component null
2025-08-11 09:19:06,168 [WARN] ModelIntegratedComponent:63 - No mode defined for component null
2025-08-11 09:19:06,168 [WARN] ModelIntegratedComponent:63 - No mode defined for component null
2025-08-11 09:19:06,168 [WARN] ModelIntegratedComponent:63 - No mode defined for component null
2025-08-11 09:19:06,168 [WARN] ModelIntegratedComponent:63 - No mode defined for component null
2025-08-11 09:19:06,168 [WARN] ModelIntegratedComponent:63 - No mode defined for component null
2025-08-11 09:19:06,168 [WARN] ModelIntegratedComponent:63 - No mode defined for component null
2025-08-11 09:19:06,169 [WARN] ModelIntegratedComponent:63 - No mode defined for component null
2025-08-11 09:19:06,169 [WARN] ModelIntegratedComponent:63 - No mode defined for component null
2025-08-11 09:19:06,169 [WARN] ModelIntegratedComponent:63 - No mode defined for component null
2025-08-11 09:19:06,169 [WARN] ModelIntegratedComponent:63 - No mode defined for component null
2025-08-11 09:19:06,169 [WARN] ModelIntegratedComponent:63 - No mode defined for component null
2025-08-11 09:19:06,169 [WARN] ModelIntegratedComponent:63 - No mode defined for component null
2025-08-11 09:19:06,169 [WARN] ModelIntegratedComponent:63 - No mode defined for component null
2025-08-11 09:19:06,169 [WARN] ModelIntegratedComponent:63 - No mode defined for component null
2025-08-11 09:19:06,169 [WARN] ModelIntegratedComponent:63 - No mode defined for component null
2025-08-11 09:19:06,169 [WARN] ModelIntegratedComponent:63 - No mode defined for component null
2025-08-11 09:19:06,169 [WARN] ModelIntegratedComponent:63 - No mode defined for component null
2025-08-11 09:19:06,169 [WARN] ModelIntegratedComponent:63 - No mode defined for component null
2025-08-11 09:19:06,169 [WARN] ModelIntegratedComponent:63 - No mode defined for component null
2025-08-11 09:19:06,169 [WARN] ModelIntegratedComponent:63 - No mode defined for component null
2025-08-11 09:19:06,169 [WARN] ModelIntegratedComponent:63 - No mode defined for component null
2025-08-11 09:19:06,169 [WARN] ModelPack:524 - Component already loaded: STMicroelectronics:HAL Drivers:0.0.0:STMicroelectronics:Device:STMicro_Driver:XSPI:HAL::0.0.1:HAL_XSPI
2025-08-11 09:19:06,435 [INFO] ThirdPartyModel:298 - Start build external matchings
2025-08-11 09:19:06,724 [INFO] ThirdPartyModel:316 - End build external matchings
2025-08-11 09:19:06,873 [INFO] UtilMem:75 - End LoadConfig() Used Memory: 363700352 Bytes (1073741824)
2025-08-11 09:19:06,892 [WARN] ThirdParty:833 - waiting for thirdparty lock release [change project]
2025-08-11 09:19:06,892 [INFO] ThirdParty:835 - entering critical section [change project]
2025-08-11 09:19:06,892 [INFO] ThirdParty:1030 - CMSIS Pack Vendor :STMicroelectronics X-CUBE-PM33A1 1.0.0
2025-08-11 09:19:06,892 [INFO] ThirdParty:1030 - CMSIS Pack Vendor :STMicroelectronics USBPD 4.1
2025-08-11 09:19:06,892 [INFO] ThirdParty:1030 - CMSIS Pack Vendor :STMicroelectronics X-CUBE-NFC9 1.0.0
2025-08-11 09:19:06,892 [INFO] ThirdParty:1030 - CMSIS Pack Vendor :STMicroelectronics USB_HOST 2.0.0
2025-08-11 09:19:06,892 [INFO] ThirdParty:1030 - CMSIS Pack Vendor :STMicroelectronics FP-SNS-MOTENVWB1 1.4.0
2025-08-11 09:19:06,892 [INFO] ThirdParty:1030 - CMSIS Pack Vendor :STMicroelectronics X-CUBE-AZRTOS-F4 1.1.0
2025-08-11 09:19:06,892 [INFO] ThirdParty:1030 - CMSIS Pack Vendor :STMicroelectronics LIBJPEG 8.0.0
2025-08-11 09:19:06,892 [INFO] ThirdParty:1030 - CMSIS Pack Vendor :STMicroelectronics FP-ATR-ASTRA1 2.0.2
2025-08-11 09:19:06,892 [INFO] ThirdParty:1030 - CMSIS Pack Vendor :wolfSSL I-CUBE-wolfSSL 5.8.2
2025-08-11 09:19:06,892 [INFO] ThirdParty:1030 - CMSIS Pack Vendor :STMicroelectronics X-CUBE-BLE1 7.1.0
2025-08-11 09:19:06,892 [INFO] ThirdParty:1030 - CMSIS Pack Vendor :Avnet-IotConnect X-CUBE-IoTC-DA16k-PMOD 1.0.0
2025-08-11 09:19:06,892 [INFO] ThirdParty:1030 - CMSIS Pack Vendor :STMicroelectronics X-CUBE-SMBUS 2.1.0
2025-08-11 09:19:06,892 [INFO] ThirdParty:1030 - CMSIS Pack Vendor :wolfSSL I-CUBE-wolfMQTT 1.19.2
2025-08-11 09:19:06,892 [INFO] ThirdParty:1030 - CMSIS Pack Vendor :STMicroelectronics USB_DEVICE 3.0.0
2025-08-11 09:19:06,892 [INFO] ThirdParty:1030 - CMSIS Pack Vendor :STMicroelectronics X-CUBE-ISPU 2.1.0
2025-08-11 09:19:06,892 [INFO] ThirdParty:1030 - CMSIS Pack Vendor :STMicroelectronics X-CUBE-EEPRMA1 5.2.0
2025-08-11 09:19:06,892 [INFO] ThirdParty:1030 - CMSIS Pack Vendor :STMicroelectronics X-CUBE-BLEMGR 4.1.0
2025-08-11 09:19:06,892 [INFO] ThirdParty:1030 - CMSIS Pack Vendor :STMicroelectronics X-CUBE-AZRTOS-WB 2.0.0
2025-08-11 09:19:06,892 [INFO] ThirdParty:1030 - CMSIS Pack Vendor :STMicroelectronics X-CUBE-ST60 1.0.0
2025-08-11 09:19:06,892 [INFO] ThirdParty:1030 - CMSIS Pack Vendor :STMicroelectronics X-CUBE-GNSS1 7.0.1
2025-08-11 09:19:06,892 [INFO] ThirdParty:1030 - CMSIS Pack Vendor :STMicroelectronics X-CUBE-NFC12 1.0.0
2025-08-11 09:19:06,892 [INFO] ThirdParty:1030 - CMSIS Pack Vendor :STMicroelectronics X-CUBE-AZRTOS-F7 1.1.0
2025-08-11 09:19:06,892 [INFO] ThirdParty:1030 - CMSIS Pack Vendor :STMicroelectronics X-CUBE-AZRTOS-L5 2.0.0
2025-08-11 09:19:06,893 [INFO] ThirdParty:1030 - CMSIS Pack Vendor :STMicroelectronics X-CUBE-TOUCHGFX 4.25.0
2025-08-11 09:19:06,893 [INFO] ThirdParty:1030 - CMSIS Pack Vendor :STMicroelectronics USB_DEVICE 2.0.0
2025-08-11 09:19:06,893 [INFO] ThirdParty:1030 - CMSIS Pack Vendor :STMicroelectronics X-CUBE-NFC6 3.1.0
2025-08-11 09:19:06,893 [INFO] ThirdParty:1030 - CMSIS Pack Vendor :quantropi X-CUBE-qispace-sdk-base 2.1.0
2025-08-11 09:19:06,893 [INFO] ThirdParty:1030 - CMSIS Pack Vendor :STMicroelectronics FreeRTOS 0.0.1
2025-08-11 09:19:06,893 [INFO] ThirdParty:1030 - CMSIS Pack Vendor :STMicroelectronics X-CUBE-AZRTOS-G0 1.1.0
2025-08-11 09:19:06,893 [INFO] ThirdParty:1030 - CMSIS Pack Vendor :STMicroelectronics X-CUBE-SAFEA1 1.2.2
2025-08-11 09:19:06,893 [INFO] ThirdParty:1030 - CMSIS Pack Vendor :STMicroelectronics X-CUBE-NFC4 3.0.0
2025-08-11 09:19:06,893 [INFO] ThirdParty:1030 - CMSIS Pack Vendor :STMicroelectronics X-CUBE-SUBG2 5.0.0
2025-08-11 09:19:06,893 [INFO] ThirdParty:1030 - CMSIS Pack Vendor :STMicroelectronics X-CUBE-AZRTOS-H7RS 1.1.0
2025-08-11 09:19:06,893 [INFO] ThirdParty:1030 - CMSIS Pack Vendor :STMicroelectronics STM32_WPAN 1.0.0
2025-08-11 09:19:06,893 [INFO] ThirdParty:1030 - CMSIS Pack Vendor :EmbeddedOffice I-CUBE-FS-RTOS 1.0.1
2025-08-11 09:19:06,893 [INFO] ThirdParty:1030 - CMSIS Pack Vendor :STMicroelectronics lwIP 2.0.3
2025-08-11 09:19:06,893 [INFO] ThirdParty:1030 - CMSIS Pack Vendor :Cesanta I-CUBE-Mongoose 7.13.0
2025-08-11 09:19:06,893 [INFO] ThirdParty:1030 - CMSIS Pack Vendor :STMicroelectronics USB_HOST 1.0.0
2025-08-11 09:19:06,893 [INFO] ThirdParty:1030 - CMSIS Pack Vendor :Infineon AIROC-Wi-Fi-Bluetooth-STM32 1.7.1
2025-08-11 09:19:06,893 [INFO] ThirdParty:1030 - CMSIS Pack Vendor :STMicroelectronics X-CUBE-AZRTOS-G4 2.0.0
2025-08-11 09:19:06,893 [INFO] ThirdParty:1030 - CMSIS Pack Vendor :STMicroelectronics X-CUBE-WB05N 2.0.0
2025-08-11 09:19:06,893 [INFO] ThirdParty:1030 - CMSIS Pack Vendor :STMicroelectronics PDM2PCM 3.1.0
2025-08-11 09:19:06,893 [INFO] ThirdParty:1030 - CMSIS Pack Vendor :STMicroelectronics PDM2PCM 3.3.0
2025-08-11 09:19:06,893 [INFO] ThirdParty:1030 - CMSIS Pack Vendor :wolfSSL I-CUBE-wolfTPM 3.8.0
2025-08-11 09:19:06,893 [INFO] ThirdParty:1030 - CMSIS Pack Vendor :STMicroelectronics X-CUBE-AZRTOS-H7 3.4.0
2025-08-11 09:19:06,893 [INFO] ThirdParty:1030 - CMSIS Pack Vendor :STMicroelectronics X-CUBE-DISPLAY 3.0.0
2025-08-11 09:19:06,893 [INFO] ThirdParty:1030 - CMSIS Pack Vendor :wolfSSL I-CUBE-wolfSSH 1.4.20
2025-08-11 09:19:06,893 [INFO] ThirdParty:1030 - CMSIS Pack Vendor :STMicroelectronics X-CUBE-NFC7 2.0.0
2025-08-11 09:19:06,893 [INFO] ThirdParty:1030 - CMSIS Pack Vendor :STMicroelectronics X-CUBE-TCPP 4.2.0
2025-08-11 09:19:06,893 [INFO] ThirdParty:1030 - CMSIS Pack Vendor :RealThread X-CUBE-RT-Thread_Nano 4.1.1
2025-08-11 09:19:06,893 [INFO] ThirdParty:1030 - CMSIS Pack Vendor :STMicroelectronics FP-ATR-SIGFOX1 3.2.0
2025-08-11 09:19:06,893 [INFO] ThirdParty:1030 - CMSIS Pack Vendor :STMicroelectronics X-CUBE-NFC10 1.0.0
2025-08-11 09:19:06,893 [INFO] ThirdParty:1030 - CMSIS Pack Vendor :STMicroelectronics X-CUBE-FREERTOS 1.3.1
2025-08-11 09:19:06,893 [INFO] ThirdParty:1030 - CMSIS Pack Vendor :STMicroelectronics HAL Drivers 0.0.0
2025-08-11 09:19:06,893 [INFO] ThirdParty:1030 - CMSIS Pack Vendor :STMicroelectronics MBEDTLS 2.16.2
2025-08-11 09:19:06,894 [INFO] ThirdParty:1030 - CMSIS Pack Vendor :STMicroelectronics X-CUBE-IPS 3.1.0
2025-08-11 09:19:06,894 [INFO] ThirdParty:1030 - CMSIS Pack Vendor :STMicroelectronics X-CUBE-ALS 1.0.2
2025-08-11 09:19:06,894 [INFO] ThirdParty:1030 - CMSIS Pack Vendor :emotas I-CUBE-CANOPEN 1.3.0
2025-08-11 09:19:06,894 [INFO] ThirdParty:1030 - CMSIS Pack Vendor :STMicroelectronics MBEDTLS 2.14.1
2025-08-11 09:19:06,894 [INFO] ThirdParty:1030 - CMSIS Pack Vendor :ITTIA_DB I-CUBE-ITTIADB 8.9.0
2025-08-11 09:19:06,894 [INFO] ThirdParty:1030 - CMSIS Pack Vendor :portGmbH I-Cube-SoM-uGOAL 1.1.0
2025-08-11 09:19:06,895 [INFO] ThirdParty:1030 - CMSIS Pack Vendor :STMicroelectronics X-CUBE-ST67W61 1.0.0
2025-08-11 09:19:06,895 [INFO] ThirdParty:1030 - CMSIS Pack Vendor :STMicroelectronics FP-SNS-STBOX1 2.1.0
2025-08-11 09:19:06,895 [INFO] ThirdParty:1030 - CMSIS Pack Vendor :STMicroelectronics X-CUBE-AI 10.2.0
2025-08-11 09:19:06,895 [INFO] ThirdParty:1030 - CMSIS Pack Vendor :STMicroelectronics FP-SNS-STAIOTCFT 1.0.0
2025-08-11 09:19:06,895 [INFO] ThirdParty:1030 - CMSIS Pack Vendor :STMicroelectronics ThreadX 1.0.0
2025-08-11 09:19:06,895 [INFO] ThirdParty:1030 - CMSIS Pack Vendor :STMicroelectronics FP-SNS-SMARTAG2 1.2.0
2025-08-11 09:19:06,895 [INFO] ThirdParty:1030 - CMSIS Pack Vendor :STMicroelectronics FP-SNS-FLIGHT1 5.1.0
2025-08-11 09:19:06,895 [INFO] ThirdParty:1030 - CMSIS Pack Vendor :STMicroelectronics X-CUBE-AZRTOS-WL 2.0.0
2025-08-11 09:19:06,895 [INFO] ThirdParty:1030 - CMSIS Pack Vendor :SEGGER I-CUBE-embOS 1.3.1
2025-08-11 09:19:06,895 [INFO] ThirdParty:1030 - CMSIS Pack Vendor :STMicroelectronics X-CUBE-ALGOBUILD 1.4.0
2025-08-11 09:19:06,895 [INFO] ThirdParty:1030 - CMSIS Pack Vendor :STMicroelectronics X-CUBE-DPower 1.3.0
2025-08-11 09:19:06,895 [INFO] ThirdParty:1030 - CMSIS Pack Vendor :STMicroelectronics X-CUBE-MEMS1 11.3.0
2025-08-11 09:19:06,895 [INFO] ThirdParty:1030 - CMSIS Pack Vendor :STMicroelectronics FP-SNS-MOTENV1 5.0.0
2025-08-11 09:19:06,895 [INFO] ThirdParty:1030 - CMSIS Pack Vendor :STMicroelectronics USB_DEVICE 1.0.0
2025-08-11 09:19:06,895 [INFO] ThirdParty:1030 - CMSIS Pack Vendor :STMicroelectronics X-CUBE-AZRTOS-L4 2.0.0
2025-08-11 09:19:06,895 [INFO] ThirdParty:1030 - CMSIS Pack Vendor :STMicroelectronics ThreadX 0.0.2
2025-08-11 09:19:06,895 [INFO] ThirdParty:1030 - CMSIS Pack Vendor :WES I-CUBE-Cesium 1.3.0
2025-08-11 09:19:06,895 [INFO] ThirdParty:1030 - CMSIS Pack Vendor :STMicroelectronics lwIP 2.1.2
2025-08-11 09:19:06,895 [INFO] ThirdParty:1030 - CMSIS Pack Vendor :STMicroelectronics X-CUBE-SFXS2LP1 4.0.0
2025-08-11 09:19:06,895 [INFO] ThirdParty:1030 - CMSIS Pack Vendor :STMicroelectronics X-CUBE-BLE2 3.3.0
2025-08-11 09:19:06,895 [INFO] ThirdParty:1030 - CMSIS Pack Vendor :STMicroelectronics X-CUBE-TOF1 3.4.3
2025-08-11 09:19:06,895 [INFO] ThirdParty:1030 - CMSIS Pack Vendor :STMicroelectronics PDM2PCM 3.2.0
2025-08-11 09:19:06,895 [INFO] ThirdParty:841 - exiting critical section [change project]
2025-08-11 09:19:07,029 [INFO] PinOutPanel:1589 - setPackage(No Configuration,No Configuration)
2025-08-11 09:19:07,030 [INFO] PinOutPanel:1589 - setPackage(STM32F103C8Tx,LQFP48)
2025-08-11 09:19:07,340 [INFO] UtilMem:75 - Before build in PCC Used Memory: 282954680 Bytes (930086912)
2025-08-11 09:19:07,676 [INFO] UtilMem:75 - After build in PCC Used Memory: 326994872 Bytes (930086912)
2025-08-11 09:19:07,694 [INFO] IPUIPlugin:80 - create IPUIPlugin
2025-08-11 09:19:07,694 [INFO] IPUIPlugin:80 - create IPUIPlugin
2025-08-11 09:19:07,694 [INFO] IPUIPlugin:80 - create IPUIPlugin
2025-08-11 09:19:07,694 [INFO] IPUIPlugin:80 - create IPUIPlugin
2025-08-11 09:19:07,694 [INFO] IPUIPlugin:80 - create IPUIPlugin
2025-08-11 09:19:07,694 [INFO] IPUIPlugin:80 - create IPUIPlugin
2025-08-11 09:19:07,694 [INFO] IPUIPlugin:80 - create IPUIPlugin
2025-08-11 09:19:07,694 [INFO] IPUIPlugin:80 - create IPUIPlugin
2025-08-11 09:19:07,695 [INFO] IPUIPlugin:80 - create IPUIPlugin
2025-08-11 09:19:07,695 [INFO] IPUIPlugin:80 - create IPUIPlugin
2025-08-11 09:19:07,695 [INFO] IPUIPlugin:80 - create IPUIPlugin
2025-08-11 09:19:07,695 [INFO] IPUIPlugin:80 - create IPUIPlugin
2025-08-11 09:19:07,695 [INFO] IPUIPlugin:80 - create IPUIPlugin
2025-08-11 09:19:07,695 [INFO] IPUIPlugin:80 - create IPUIPlugin
2025-08-11 09:19:07,695 [INFO] IPUIPlugin:80 - create IPUIPlugin
2025-08-11 09:19:07,695 [INFO] IPUIPlugin:80 - create IPUIPlugin
2025-08-11 09:19:07,695 [INFO] IPUIPlugin:80 - create IPUIPlugin
2025-08-11 09:19:07,696 [INFO] IPUIPlugin:80 - create IPUIPlugin
2025-08-11 09:19:07,696 [INFO] IPUIPlugin:80 - create IPUIPlugin
2025-08-11 09:19:07,696 [INFO] IPUIPlugin:80 - create IPUIPlugin
2025-08-11 09:19:07,696 [INFO] IPUIPlugin:80 - create IPUIPlugin
2025-08-11 09:19:07,696 [INFO] IPUIPlugin:80 - create IPUIPlugin
2025-08-11 09:19:07,696 [INFO] IPUIPlugin:80 - create IPUIPlugin
2025-08-11 09:19:07,696 [INFO] IPUIPlugin:80 - create IPUIPlugin
2025-08-11 09:19:07,696 [INFO] IPUIPlugin:80 - create IPUIPlugin
2025-08-11 09:19:07,696 [INFO] IPUIPlugin:80 - create IPUIPlugin
2025-08-11 09:19:07,697 [INFO] IPUIPlugin:80 - create IPUIPlugin
2025-08-11 09:19:07,731 [INFO] CADModel:165 - CPN selected for project levelSTM32F103C8T6TR
2025-08-11 09:19:07,731 [INFO] CADModel:114 - Register for checkConnection events
2025-08-11 09:19:07,779 [INFO] OpenFileManager:386 - Restore cursor
2025-08-11 09:19:08,118 [INFO] UtilMem:75 - End SaveConfig() Used Memory: 383620640 Bytes (930086912)
2025-08-11 09:19:08,180 [INFO] UtilMem:75 - End SaveConfig() Used Memory: 396203552 Bytes (930086912)
2025-08-11 09:19:08,514 [INFO] BlockDiagram:2775 - set Specific Code input for plugin: NVIC
2025-08-11 09:19:08,514 [INFO] BlockDiagram:2775 - set Specific Code input for plugin: RCC
2025-08-11 09:19:08,516 [INFO] CodeGenerator:892 - code generatio: config db path: C:\ST\STM32CubeIDE_1.19.0\STM32CubeIDE\plugins\com.st.stm32cube.common.mx_6.15.0.202507011659\\db\
2025-08-11 09:19:08,628 [INFO] CodeEngine:265 - oldGeneratedFile, C:\Workspace\Simulink\Fink_Playground\ECU_Farol_Baixo\Software\ECU_Farol_Baixo_Project_V02\MXTmpFiles\license.tmp_save
2025-08-11 09:19:08,979 [INFO] CodeEngine:289 - Generated code: C:\Workspace\Simulink\Fink_Playground\ECU_Farol_Baixo\Software\ECU_Farol_Baixo_Project_V02\MXTmpFiles\license.tmp
2025-08-11 09:19:09,013 [INFO] CodeEngine:265 - oldGeneratedFile, C:\Workspace\Simulink\Fink_Playground\ECU_Farol_Baixo\Software\ECU_Farol_Baixo_Project_V02\Core\Src\stm32f1xx_it.c_save
2025-08-11 09:19:09,266 [INFO] CodeEngine:289 - Generated code: C:\Workspace\Simulink\Fink_Playground\ECU_Farol_Baixo\Software\ECU_Farol_Baixo_Project_V02\Core\Src\stm32f1xx_it.c
2025-08-11 09:19:09,288 [INFO] CodeEngine:265 - oldGeneratedFile, C:\Workspace\Simulink\Fink_Playground\ECU_Farol_Baixo\Software\ECU_Farol_Baixo_Project_V02\Core\Inc\stm32f1xx_it.h_save
2025-08-11 09:19:09,434 [INFO] CodeEngine:289 - Generated code: C:\Workspace\Simulink\Fink_Playground\ECU_Farol_Baixo\Software\ECU_Farol_Baixo_Project_V02\Core\Inc\stm32f1xx_it.h
2025-08-11 09:19:09,657 [INFO] CodeEngine:265 - oldGeneratedFile, C:\Workspace\Simulink\Fink_Playground\ECU_Farol_Baixo\Software\ECU_Farol_Baixo_Project_V02\Core\Src\stm32f1xx_hal_msp.c_save
2025-08-11 09:19:10,028 [INFO] CodeEngine:289 - Generated code: C:\Workspace\Simulink\Fink_Playground\ECU_Farol_Baixo\Software\ECU_Farol_Baixo_Project_V02\Core\Src\stm32f1xx_hal_msp.c
2025-08-11 09:19:10,061 [INFO] CodeEngine:265 - oldGeneratedFile, C:\Workspace\Simulink\Fink_Playground\ECU_Farol_Baixo\Software\ECU_Farol_Baixo_Project_V02\MXTmpFiles\system.tmp_save
2025-08-11 09:19:10,223 [INFO] CodeEngine:289 - Generated code: C:\Workspace\Simulink\Fink_Playground\ECU_Farol_Baixo\Software\ECU_Farol_Baixo_Project_V02\MXTmpFiles\system.tmp
2025-08-11 09:19:10,268 [INFO] CodeEngine:321 - oldGeneratedFile, C:\Workspace\Simulink\Fink_Playground\ECU_Farol_Baixo\Software\ECU_Farol_Baixo_Project_V02\Core\Inc\stm32f1xx_hal_conf.h_save
2025-08-11 09:19:10,518 [INFO] CodeEngine:345 - Generated code: C:\Workspace\Simulink\Fink_Playground\ECU_Farol_Baixo\Software\ECU_Farol_Baixo_Project_V02\Core\Inc\stm32f1xx_hal_conf.h
2025-08-11 09:19:10,615 [INFO] ApiDbMcu:532 - Load IP Config File for RCC
2025-08-11 09:19:10,636 [INFO] CodeEngine:265 - oldGeneratedFile, C:\Workspace\Simulink\Fink_Playground\ECU_Farol_Baixo\Software\ECU_Farol_Baixo_Project_V02\Core\Inc\main.h_save
2025-08-11 09:19:10,940 [INFO] CodeEngine:289 - Generated code: C:\Workspace\Simulink\Fink_Playground\ECU_Farol_Baixo\Software\ECU_Farol_Baixo_Project_V02\Core\Inc\main.h
2025-08-11 09:19:10,980 [INFO] CodeEngine:265 - oldGeneratedFile, C:\Workspace\Simulink\Fink_Playground\ECU_Farol_Baixo\Software\ECU_Farol_Baixo_Project_V02\Core\Src\main.c_save
2025-08-11 09:19:11,278 [INFO] CodeEngine:289 - Generated code: C:\Workspace\Simulink\Fink_Playground\ECU_Farol_Baixo\Software\ECU_Farol_Baixo_Project_V02\Core\Src\main.c
2025-08-11 09:19:12,075 [INFO] ProjectBuilder:3606 - Time for Copy HAL[1] : 466mS.
2025-08-11 09:19:12,087 [INFO] ProjectBuilder:5216 - Project Generator version: 4.7.0-B52
2025-08-11 09:19:12,191 [INFO] ConfigFileManager:1595 - The Die is : DIE410
2025-08-11 09:19:12,219 [INFO] ApiDbMcu:532 - Load IP Config File for FATFS
2025-08-11 09:19:12,243 [INFO] ApiDbMcu:532 - Load IP Config File for FREERTOS
2025-08-11 09:19:12,267 [INFO] ApiDbMcu:532 - Load IP Config File for USB_DEVICE
2025-08-11 09:19:13,158 [INFO] LogOutputStream:77 - [STDOUT_REDIRECT] 
2025-08-11 09:19:17,078 [INFO] ProjectBuilder:5496 - Time for Generating toolchain IDE Files: 4991mS.
2025-08-11 09:19:17,079 [INFO] ProjectBuilder:3463 - Time for Copy CMSIS : 1mS.
2025-08-11 09:19:17,081 [INFO] ProjectBuilder:3463 - Time for Copy CMSIS : 0mS.
2025-08-11 09:19:18,856 [INFO] McuFinderGlobals:76 - Set McuFinderConnectedMode to true
2025-08-11 09:19:18,862 [INFO] ApiDb:448 - Save user favorites file C:\Users\sf94983/.stm32cubeide/favorites.mcus.txt: 0 item(s)
2025-08-11 09:19:18,863 [INFO] ApiDb:452 - User favorites MCUs=[]
2025-08-11 09:26:07,345 [INFO] Gpio:278 - dependency for GPIO [RCC]
2025-08-11 09:27:58,879 [INFO] McuFinderGlobals:63 - Set McuFinder mode to 2 (CubeIDE integrated)
2025-08-11 09:27:58,889 [INFO] UserAuth:487 - Internet connection configuration mode: 1
2025-08-11 09:28:01,038 [INFO] UserAuth:171 - activating auth plugin
2025-08-11 09:28:01,041 [INFO] UserAuth:487 - Internet connection configuration mode: 1
2025-08-11 09:28:16,955 [INFO] UtilMem:75 - End SaveConfig() Used Memory: 658851032 Bytes (832569344)
2025-08-11 09:28:22,067 [INFO] UtilMem:75 - End SaveConfig() Used Memory: 278011784 Bytes (832569344)
2025-08-11 09:28:22,331 [INFO] BlockDiagram:2775 - set Specific Code input for plugin: NVIC
2025-08-11 09:28:22,331 [INFO] BlockDiagram:2775 - set Specific Code input for plugin: SYS
2025-08-11 09:28:22,332 [INFO] BlockDiagram:2775 - set Specific Code input for plugin: GPIO
2025-08-11 09:28:22,332 [INFO] BlockDiagram:2775 - set Specific Code input for plugin: RCC
2025-08-11 09:28:22,333 [INFO] CodeGenerator:892 - code generatio: config db path: C:\ST\STM32CubeIDE_1.19.0\STM32CubeIDE\plugins\com.st.stm32cube.common.mx_6.15.0.202507011659\\db\
2025-08-11 09:28:22,402 [INFO] CodeEngine:265 - oldGeneratedFile, C:\Workspace\Simulink\Fink_Playground\ECU_Farol_Baixo\Software\ECU_Farol_Baixo_Project_V02\MXTmpFiles\license.tmp_save
2025-08-11 09:28:22,589 [INFO] CodeEngine:289 - Generated code: C:\Workspace\Simulink\Fink_Playground\ECU_Farol_Baixo\Software\ECU_Farol_Baixo_Project_V02\MXTmpFiles\license.tmp
2025-08-11 09:28:22,660 [INFO] CodeEngine:265 - oldGeneratedFile, C:\Workspace\Simulink\Fink_Playground\ECU_Farol_Baixo\Software\ECU_Farol_Baixo_Project_V02\MXTmpFiles\gpio.tmp_save
2025-08-11 09:28:22,811 [INFO] CodeEngine:289 - Generated code: C:\Workspace\Simulink\Fink_Playground\ECU_Farol_Baixo\Software\ECU_Farol_Baixo_Project_V02\MXTmpFiles\gpio.tmp
2025-08-11 09:28:22,857 [INFO] CodeEngine:265 - oldGeneratedFile, C:\Workspace\Simulink\Fink_Playground\ECU_Farol_Baixo\Software\ECU_Farol_Baixo_Project_V02\Core\Src\stm32f1xx_it.c_save
2025-08-11 09:28:22,989 [INFO] CodeEngine:289 - Generated code: C:\Workspace\Simulink\Fink_Playground\ECU_Farol_Baixo\Software\ECU_Farol_Baixo_Project_V02\Core\Src\stm32f1xx_it.c
2025-08-11 09:28:23,002 [INFO] CodeEngine:265 - oldGeneratedFile, C:\Workspace\Simulink\Fink_Playground\ECU_Farol_Baixo\Software\ECU_Farol_Baixo_Project_V02\Core\Inc\stm32f1xx_it.h_save
2025-08-11 09:28:23,066 [INFO] CodeEngine:289 - Generated code: C:\Workspace\Simulink\Fink_Playground\ECU_Farol_Baixo\Software\ECU_Farol_Baixo_Project_V02\Core\Inc\stm32f1xx_it.h
2025-08-11 09:28:23,090 [INFO] CodeEngine:265 - oldGeneratedFile, C:\Workspace\Simulink\Fink_Playground\ECU_Farol_Baixo\Software\ECU_Farol_Baixo_Project_V02\Core\Src\stm32f1xx_hal_msp.c_save
2025-08-11 09:28:23,336 [INFO] CodeEngine:289 - Generated code: C:\Workspace\Simulink\Fink_Playground\ECU_Farol_Baixo\Software\ECU_Farol_Baixo_Project_V02\Core\Src\stm32f1xx_hal_msp.c
2025-08-11 09:28:23,349 [INFO] CodeEngine:265 - oldGeneratedFile, C:\Workspace\Simulink\Fink_Playground\ECU_Farol_Baixo\Software\ECU_Farol_Baixo_Project_V02\MXTmpFiles\system.tmp_save
2025-08-11 09:28:23,425 [INFO] CodeEngine:289 - Generated code: C:\Workspace\Simulink\Fink_Playground\ECU_Farol_Baixo\Software\ECU_Farol_Baixo_Project_V02\MXTmpFiles\system.tmp
2025-08-11 09:28:23,465 [INFO] CodeEngine:321 - oldGeneratedFile, C:\Workspace\Simulink\Fink_Playground\ECU_Farol_Baixo\Software\ECU_Farol_Baixo_Project_V02\Core\Inc\stm32f1xx_hal_conf.h_save
2025-08-11 09:28:23,620 [INFO] CodeEngine:345 - Generated code: C:\Workspace\Simulink\Fink_Playground\ECU_Farol_Baixo\Software\ECU_Farol_Baixo_Project_V02\Core\Inc\stm32f1xx_hal_conf.h
2025-08-11 09:28:23,672 [INFO] CodeEngine:265 - oldGeneratedFile, C:\Workspace\Simulink\Fink_Playground\ECU_Farol_Baixo\Software\ECU_Farol_Baixo_Project_V02\Core\Inc\main.h_save
2025-08-11 09:28:23,831 [INFO] CodeEngine:289 - Generated code: C:\Workspace\Simulink\Fink_Playground\ECU_Farol_Baixo\Software\ECU_Farol_Baixo_Project_V02\Core\Inc\main.h
2025-08-11 09:28:23,840 [INFO] CodeEngine:265 - oldGeneratedFile, C:\Workspace\Simulink\Fink_Playground\ECU_Farol_Baixo\Software\ECU_Farol_Baixo_Project_V02\Core\Src\main.c_save
2025-08-11 09:28:23,977 [INFO] CodeEngine:289 - Generated code: C:\Workspace\Simulink\Fink_Playground\ECU_Farol_Baixo\Software\ECU_Farol_Baixo_Project_V02\Core\Src\main.c
2025-08-11 09:28:24,310 [INFO] ProjectBuilder:3606 - Time for Copy HAL[1] : 170mS.
2025-08-11 09:28:24,313 [INFO] ProjectBuilder:5216 - Project Generator version: 4.7.0-B52
2025-08-11 09:28:24,367 [INFO] ConfigFileManager:1595 - The Die is : DIE410
2025-08-11 09:28:26,695 [INFO] ProjectBuilder:5496 - Time for Generating toolchain IDE Files: 2363mS.
2025-08-11 09:28:26,714 [INFO] ProjectBuilder:3463 - Time for Copy CMSIS : 15mS.
2025-08-11 09:28:26,730 [INFO] ProjectBuilder:3463 - Time for Copy CMSIS : 2mS.
